project_id,name,department,location,planned_duration_days,elapsed_duration_days,physical_progress,expected_progress,financial_progress,approved_budget,released_funds,expenditure,milestones_delayed,milestones_total,resource_availability,contractor_performance,material_availability,previous_delays,status,delay_occurred,delay_days
1,Education & Social Infrastructure Project #1,Education & Social Infrastructure,Tamil Nadu,730,531,76.4,79.2,73.5,153150000.0,125830000.0,92490000.0,0,6,66.3,95.4,84.6,1,ON_TRACK,0,0
2,Power & Renewable Energy Project #2,Power & Renewable Energy,Tripura,900,732,72.5,86.2,73.9,111890000.0,94630000.0,69930000.0,2,10,94.2,64.2,69.8,1,AT_RISK,0,0
3,Railways Project #3,Railways,Odisha,1095,1138,89.1,97.7,85.2,185650000.0,169610000.0,144510000.0,1,4,85.9,52.2,76.3,2,AT_RISK,0,0
4,Railways Project #4,Railways,Assam,180,76,40.1,40.9,35.6,321840000.0,140780000.0,50120000.0,0,8,64.7,97.9,74.0,0,ON_TRACK,0,0
5,Education & Social Infrastructure Project #5,Education & Social Infrastructure,Sikkim,365,326,74.3,89.7,82.2,13410000.0,12380000.0,10180000.0,2,4,60.4,74.5,62.9,2,CRITICAL,1,154
6,Railways Project #6,Railways,Odisha,365,100,19.7,21.1,24.2,343550000.0,118560000.0,28690000.0,0,5,57.1,74.3,80.6,0,ON_TRACK,0,0
7,Digital Governance Project #7,Digital Governance,Mizoram,270,131,40.1,49.2,40.3,57130000.0,31250000.0,12590000.0,1,5,67.3,74.6,72.0,2,AT_RISK,0,0
8,Urban Development Project #8,Urban Development,Gujarat,900,919,88.6,97.4,97.1,307150000.0,307150000.0,298240000.0,0,4,39.8,71.6,95.3,0,ON_TRACK,0,0
9,Water Resources Project #9,Water Resources,Gujarat,270,182,65.2,76.1,74.8,202620000.0,179770000.0,134470000.0,1,6,90.2,76.1,64.7,0,AT_RISK,0,0
10,Water Resources Project #10,Water Resources,Assam,540,333,62.4,68.1,62.2,93050000.0,67710000.0,42120000.0,1,5,63.4,80.7,71.0,2,AT_RISK,0,0
11,Health & Family Welfare Project #11,Health & Family Welfare,Gujarat,540,615,82.1,98.0,98.3,353960000.0,353960000.0,347940000.0,2,8,47.4,63.4,67.8,2,AT_RISK,0,0
12,Education & Social Infrastructure Project #12,Education & Social Infrastructure,Meghalaya,270,190,68.3,77.2,64.1,270360000.0,201440000.0,129120000.0,1,8,57.3,85.2,59.8,0,CRITICAL,1,109
13,Railways Project #13,Railways,West Bengal,365,202,58.2,56.2,64.2,33380000.0,24990000.0,16040000.0,0,6,80.0,73.0,64.0,0,ON_TRACK,0,0
14,Road Transport & Highways Project #14,Road Transport & Highways,Rajasthan,270,53,7.8,15.3,31.4,472680000.0,213050000.0,66900000.0,1,6,50.8,37.6,70.5,1,AT_RISK,0,0
15,Power & Renewable Energy Project #15,Power & Renewable Energy,Gujarat,540,126,9.9,17.8,10.0,137740000.0,27490000.0,2750000.0,1,5,69.6,38.9,84.5,1,AT_RISK,0,0
16,Water Resources Project #16,Water Resources,Bihar,900,784,79.5,89.0,76.0,452250000.0,389170000.0,295770000.0,1,4,69.8,67.1,59.0,1,CRITICAL,1,109
17,Road Transport & Highways Project #17,Road Transport & Highways,Mizoram,180,189,84.4,95.9,80.3,279270000.0,250550000.0,201190000.0,2,10,65.2,47.5,86.9,0,CRITICAL,1,116
18,Power & Renewable Energy Project #18,Power & Renewable Energy,Uttar Pradesh,730,546,72.3,80.7,73.7,454110000.0,362430000.0,267110000.0,1,6,80.0,66.1,89.7,1,DELAYED,1,87
19,Health & Family Welfare Project #19,Health & Family Welfare,Manipur,270,211,76.2,85.4,81.6,232730000.0,216150000.0,176380000.0,0,6,93.9,71.7,60.5,1,ON_TRACK,0,0
20,Road Transport & Highways Project #20,Road Transport & Highways,Bihar,365,400,94.7,97.1,100.0,89680000.0,89680000.0,89680000.0,2,10,87.9,66.5,76.1,2,AT_RISK,0,0
21,Urban Development Project #21,Urban Development,Nagaland,540,291,43.1,58.2,68.1,498350000.0,391970000.0,266930000.0,3,10,63.7,73.4,54.0,2,AT_RISK,0,0
22,Railways Project #22,Railways,Maharashtra,365,128,18.8,27.7,34.0,321960000.0,143430000.0,48770000.0,1,6,59.8,33.0,71.9,1,AT_RISK,0,0
23,Power & Renewable Energy Project #23,Power & Renewable Energy,Arunachal Pradesh,540,570,91.8,96.7,93.7,296540000.0,296540000.0,277860000.0,1,8,93.8,77.0,81.1,1,DELAYED,1,69
24,Urban Development Project #24,Urban Development,Tripura,540,605,78.8,93.5,84.1,260710000.0,236390000.0,198800000.0,1,10,50.0,79.1,69.3,0,CRITICAL,1,132
25,Digital Governance Project #25,Digital Governance,West Bengal,540,613,85.9,96.0,86.9,61390000.0,60940000.0,52960000.0,1,8,77.4,82.4,80.2,0,CRITICAL,1,92
26,Education & Social Infrastructure Project #26,Education & Social Infrastructure,Odisha,365,167,31.1,45.5,39.4,467510000.0,207930000.0,81920000.0,2,10,53.7,31.6,75.6,1,CRITICAL,1,133
27,Power & Renewable Energy Project #27,Power & Renewable Energy,Bihar,270,255,73.6,90.2,86.8,356540000.0,354680000.0,307860000.0,2,10,61.6,49.7,63.9,0,CRITICAL,1,167
28,Water Resources Project #28,Water Resources,Bihar,540,263,44.0,46.4,45.1,467140000.0,280330000.0,126430000.0,0,5,97.0,82.3,60.6,0,ON_TRACK,0,0
29,Urban Development Project #29,Urban Development,Assam,730,513,43.3,78.4,54.9,157680000.0,106240000.0,58330000.0,2,4,69.7,37.8,72.1,2,CRITICAL,1,249
30,Education & Social Infrastructure Project #30,Education & Social Infrastructure,Meghalaya,540,567,83.8,94.4,79.3,289250000.0,265890000.0,210850000.0,1,6,59.3,76.1,67.7,0,AT_RISK,0,0
31,Health & Family Welfare Project #31,Health & Family Welfare,Arunachal Pradesh,540,268,34.2,47.7,39.9,217560000.0,103950000.0,41480000.0,2,6,92.4,57.0,43.1,2,CRITICAL,1,141
32,Health & Family Welfare Project #32,Health & Family Welfare,Gujarat,540,64,9.2,9.9,13.1,205510000.0,38320000.0,5020000.0,0,4,77.8,70.0,86.7,0,ON_TRACK,0,0
33,Road Transport & Highways Project #33,Road Transport & Highways,Uttar Pradesh,270,144,27.0,57.2,40.9,431710000.0,221250000.0,90490000.0,1,4,48.0,61.6,37.1,0,CRITICAL,1,182
34,Health & Family Welfare Project #34,Health & Family Welfare,West Bengal,180,107,50.8,62.4,61.0,22440000.0,15160000.0,9250000.0,0,5,54.6,73.4,57.9,1,AT_RISK,0,0
35,Digital Governance Project #35,Digital Governance,Assam,540,197,12.4,30.8,30.8,425580000.0,157580000.0,48530000.0,1,6,44.9,91.8,34.7,1,CRITICAL,1,133
36,Railways Project #36,Railways,Assam,730,335,32.6,42.5,48.4,136360000.0,74720000.0,36160000.0,1,6,45.7,77.5,63.8,0,DELAYED,1,84
37,Water Resources Project #37,Water Resources,Madhya Pradesh,540,441,83.1,83.6,90.7,208150000.0,208150000.0,188790000.0,0,5,55.8,74.5,78.7,1,DELAYED,1,38
38,Urban Development Project #38,Urban Development,Mizoram,730,125,11.1,11.8,20.4,85790000.0,27140000.0,5540000.0,0,5,53.5,83.5,73.3,0,ON_TRACK,1,16
39,Road Transport & Highways Project #39,Road Transport & Highways,Assam,540,444,69.5,87.8,86.8,426110000.0,401810000.0,348770000.0,1,4,62.4,59.1,44.4,1,CRITICAL,1,142
40,Road Transport & Highways Project #40,Road Transport & Highways,Madhya Pradesh,540,79,15.6,12.9,24.7,284730000.0,98260000.0,24270000.0,0,6,26.7,65.2,52.3,0,ON_TRACK,0,0
41,Digital Governance Project #41,Digital Governance,Odisha,540,509,87.6,96.0,91.3,143130000.0,143130000.0,130680000.0,0,4,80.3,81.9,80.5,0,ON_TRACK,0,0
42,Power & Renewable Energy Project #42,Power & Renewable Energy,Nagaland,730,75,5.4,7.3,30.0,443260000.0,181770000.0,54530000.0,1,10,56.6,79.4,41.8,2,AT_RISK,0,0
43,Education & Social Infrastructure Project #43,Education & Social Infrastructure,Mizoram,365,397,86.2,94.1,91.6,85410000.0,85410000.0,78240000.0,1,10,61.7,67.4,74.5,3,DELAYED,1,89
44,Road Transport & Highways Project #44,Road Transport & Highways,Mizoram,540,105,1.4,12.6,22.7,252620000.0,82120000.0,18640000.0,1,10,60.6,71.5,60.8,0,AT_RISK,0,0
45,Urban Development Project #45,Urban Development,Manipur,540,374,66.4,76.5,72.6,88770000.0,76150000.0,55280000.0,2,10,81.0,72.6,70.8,2,AT_RISK,0,0
46,Education & Social Infrastructure Project #46,Education & Social Infrastructure,Meghalaya,365,272,68.8,79.7,68.3,357000000.0,264090000.0,180370000.0,2,5,71.3,73.5,79.0,3,CRITICAL,1,111
47,Digital Governance Project #47,Digital Governance,Gujarat,900,1009,91.2,98.0,89.5,50370000.0,50370000.0,45080000.0,1,6,81.6,82.7,93.5,1,CRITICAL,1,99
48,Power & Renewable Energy Project #48,Power & Renewable Energy,Tamil Nadu,365,281,60.7,80.4,80.1,387750000.0,362730000.0,290550000.0,2,8,52.5,60.5,67.4,2,CRITICAL,1,177
49,Power & Renewable Energy Project #49,Power & Renewable Energy,Tripura,270,158,56.1,59.7,65.4,454830000.0,353140000.0,230950000.0,1,6,83.5,86.0,39.0,1,DELAYED,1,60
50,Road Transport & Highways Project #50,Road Transport & Highways,Rajasthan,270,168,60.1,69.0,56.7,321850000.0,221320000.0,125490000.0,2,4,72.9,63.7,94.4,2,AT_RISK,0,0
51,Education & Social Infrastructure Project #51,Education & Social Infrastructure,Uttar Pradesh,730,740,80.4,94.7,87.2,332770000.0,323390000.0,282000000.0,1,5,71.4,79.6,78.0,0,CRITICAL,1,122
52,Water Resources Project #52,Water Resources,Uttar Pradesh,540,100,12.7,12.1,27.4,24400000.0,8870000.0,2430000.0,0,8,66.0,59.7,61.9,0,ON_TRACK,0,0
53,Railways Project #53,Railways,Mizoram,365,142,38.3,39.8,38.7,300550000.0,136260000.0,52730000.0,1,6,76.1,76.1,71.8,2,AT_RISK,0,0
54,Power & Renewable Energy Project #54,Power & Renewable Energy,Meghalaya,900,98,0.0,3.0,4.1,184800000.0,26680000.0,1090000.0,0,4,67.1,87.6,78.0,1,ON_TRACK,0,0
55,Power & Renewable Energy Project #55,Power & Renewable Energy,Tamil Nadu,900,284,23.0,21.8,24.8,262640000.0,91110000.0,22600000.0,1,8,77.2,63.8,83.4,4,AT_RISK,0,0
56,Education & Social Infrastructure Project #56,Education & Social Infrastructure,Madhya Pradesh,270,293,81.7,97.8,88.6,460150000.0,458340000.0,406090000.0,3,10,57.7,69.1,74.9,2,AT_RISK,0,0
57,Road Transport & Highways Project #57,Road Transport & Highways,Meghalaya,1460,219,15.5,11.5,12.3,276800000.0,48050000.0,5910000.0,0,4,67.2,90.0,77.1,2,ON_TRACK,0,0
58,Education & Social Infrastructure Project #58,Education & Social Infrastructure,Tamil Nadu,540,274,37.3,50.6,41.0,271470000.0,141380000.0,57970000.0,1,5,60.8,54.2,81.2,0,AT_RISK,0,0
59,Urban Development Project #59,Urban Development,Madhya Pradesh,730,403,47.6,54.5,48.6,488600000.0,302110000.0,146830000.0,0,6,68.3,80.5,56.1,1,DELAYED,1,71
60,Education & Social Infrastructure Project #60,Education & Social Infrastructure,Madhya Pradesh,270,110,28.5,35.5,37.1,387270000.0,184600000.0,68490000.0,0,6,59.2,44.1,96.3,1,ON_TRACK,0,0
61,Railways Project #61,Railways,Mizoram,365,292,74.6,83.7,84.4,76860000.0,74060000.0,62510000.0,1,6,83.8,60.3,83.7,0,AT_RISK,0,0
62,Water Resources Project #62,Water Resources,Sikkim,730,85,16.8,14.3,33.5,44270000.0,19880000.0,6660000.0,0,5,85.1,30.7,68.5,1,ON_TRACK,0,0
63,Power & Renewable Energy Project #63,Power & Renewable Energy,Tripura,270,41,0.5,10.6,25.0,242690000.0,82090000.0,20520000.0,1,8,45.1,60.0,30.4,0,AT_RISK,0,0
64,Health & Family Welfare Project #64,Health & Family Welfare,Nagaland,730,662,75.9,93.5,74.5,259760000.0,227950000.0,169820000.0,1,5,48.1,78.8,82.3,0,CRITICAL,1,132
65,Urban Development Project #65,Urban Development,Bihar,540,375,53.8,76.3,77.1,291830000.0,253580000.0,195510000.0,1,4,25.0,78.6,84.2,1,AT_RISK,0,0
66,Health & Family Welfare Project #66,Health & Family Welfare,Assam,540,487,80.6,91.8,78.8,313600000.0,283190000.0,223150000.0,1,6,64.9,97.6,51.8,1,CRITICAL,1,105
67,Railways Project #67,Railways,Maharashtra,365,222,64.9,67.0,62.5,331300000.0,251720000.0,157320000.0,0,5,92.2,82.2,79.0,0,DELAYED,1,50
68,Health & Family Welfare Project #68,Health & Family Welfare,Tripura,365,195,48.5,56.2,56.2,58060000.0,38370000.0,21560000.0,0,8,78.3,76.6,56.4,0,ON_TRACK,0,0
69,Digital Governance Project #69,Digital Governance,Gujarat,540,267,28.2,47.4,44.1,310830000.0,154690000.0,68220000.0,3,10,57.5,37.5,70.4,3,CRITICAL,1,197
70,Road Transport & Highways Project #70,Road Transport & Highways,Nagaland,180,25,10.7,11.9,17.4,121640000.0,39120000.0,6810000.0,1,5,97.9,86.4,80.2,3,DELAYED,1,49
71,Power & Renewable Energy Project #71,Power & Renewable Energy,Rajasthan,180,199,87.3,99.3,88.1,90210000.0,86460000.0,76170000.0,1,8,72.9,85.1,58.2,1,CRITICAL,1,96
72,Health & Family Welfare Project #72,Health & Family Welfare,West Bengal,540,216,26.3,36.0,21.9,90760000.0,25610000.0,5610000.0,2,8,76.6,73.4,66.3,3,AT_RISK,0,0
73,Education & Social Infrastructure Project #73,Education & Social Infrastructure,Tamil Nadu,540,530,87.0,95.3,96.9,58600000.0,58600000.0,56780000.0,1,5,96.4,79.4,66.6,1,AT_RISK,0,0
74,Road Transport & Highways Project #74,Road Transport & Highways,Maharashtra,730,697,89.5,97.0,90.3,325250000.0,325250000.0,293700000.0,1,6,59.6,77.2,79.1,0,CRITICAL,1,92
75,Health & Family Welfare Project #75,Health & Family Welfare,Manipur,270,35,0.0,9.0,8.1,321880000.0,46960000.0,3800000.0,1,10,54.5,35.7,71.2,0,AT_RISK,0,0
76,Railways Project #76,Railways,Arunachal Pradesh,365,352,75.2,89.6,80.5,495650000.0,460820000.0,370960000.0,1,4,85.5,69.7,69.0,0,AT_RISK,0,0
77,Water Resources Project #77,Water Resources,Maharashtra,365,46,0.1,9.9,18.3,385100000.0,95850000.0,17540000.0,1,8,37.2,77.5,71.4,0,CRITICAL,1,93
78,Power & Renewable Energy Project #78,Power & Renewable Energy,Mizoram,180,71,35.9,32.8,42.5,52350000.0,26110000.0,11100000.0,0,6,64.0,50.4,81.9,0,ON_TRACK,0,0
79,Education & Social Infrastructure Project #79,Education & Social Infrastructure,Karnataka,1095,169,5.1,8.0,8.5,266460000.0,39030000.0,3320000.0,1,5,83.2,77.9,74.2,2,AT_RISK,0,0
80,Urban Development Project #80,Urban Development,Uttar Pradesh,730,493,58.0,71.4,60.5,176490000.0,130990000.0,79250000.0,2,5,88.5,71.5,45.7,2,CRITICAL,1,147
81,Health & Family Welfare Project #81,Health & Family Welfare,Tamil Nadu,365,372,69.7,95.2,82.8,150700000.0,144260000.0,119450000.0,2,8,56.5,52.3,78.1,0,CRITICAL,1,186
82,Road Transport & Highways Project #82,Road Transport & Highways,Tamil Nadu,270,281,62.1,90.7,82.1,484200000.0,463230000.0,380310000.0,2,4,75.6,37.3,57.8,0,CRITICAL,1,206
83,Digital Governance Project #83,Digital Governance,Assam,365,413,88.1,100.0,95.4,274990000.0,274990000.0,262340000.0,2,8,83.7,83.7,63.6,2,AT_RISK,0,0
84,Railways Project #84,Railways,Tamil Nadu,540,232,32.9,41.1,39.0,405040000.0,212390000.0,82830000.0,0,6,89.0,76.5,79.8,1,ON_TRACK,0,0
85,Power & Renewable Energy Project #85,Power & Renewable Energy,Karnataka,270,116,32.6,40.5,36.8,200980000.0,91640000.0,33720000.0,0,8,49.2,60.6,46.1,0,ON_TRACK,0,0
86,Health & Family Welfare Project #86,Health & Family Welfare,Tripura,365,344,76.8,92.7,88.0,117040000.0,110250000.0,97020000.0,1,8,66.9,48.8,50.5,1,CRITICAL,1,115
87,Digital Governance Project #87,Digital Governance,Assam,540,224,34.7,34.3,38.7,66320000.0,29600000.0,11460000.0,1,10,66.5,67.2,83.4,2,DELAYED,1,64
88,Railways Project #88,Railways,Assam,180,149,70.6,85.5,69.7,241720000.0,204350000.0,142430000.0,0,4,76.2,70.4,58.4,0,DELAYED,1,78
89,Health & Family Welfare Project #89,Health & Family Welfare,Manipur,365,216,54.8,60.6,53.1,204430000.0,119680000.0,63550000.0,0,4,89.5,77.0,36.6,0,ON_TRACK,0,0
90,Water Resources Project #90,Water Resources,West Bengal,540,118,14.0,15.8,19.3,66100000.0,18600000.0,3590000.0,1,8,48.0,65.3,85.8,2,AT_RISK,0,0
91,Urban Development Project #91,Urban Development,Tamil Nadu,365,324,76.8,89.9,72.0,216800000.0,173330000.0,124800000.0,1,4,78.3,61.5,94.5,0,CRITICAL,1,108
92,Water Resources Project #92,Water Resources,West Bengal,365,215,57.5,63.3,58.4,267650000.0,183390000.0,107100000.0,0,8,83.3,90.5,77.5,0,ON_TRACK,0,0
93,Power & Renewable Energy Project #93,Power & Renewable Energy,Nagaland,900,416,37.2,44.2,32.6,257670000.0,121720000.0,39680000.0,1,8,65.5,66.1,65.1,1,DELAYED,1,74
94,Urban Development Project #94,Urban Development,Maharashtra,365,156,44.0,37.0,41.5,130980000.0,71890000.0,29830000.0,0,6,86.7,67.7,79.8,0,ON_TRACK,0,0
95,Digital Governance Project #95,Digital Governance,Madhya Pradesh,270,43,10.7,7.9,8.7,203620000.0,28700000.0,2500000.0,0,4,73.7,63.7,94.6,1,ON_TRACK,0,0
96,Health & Family Welfare Project #96,Health & Family Welfare,Meghalaya,730,481,67.5,71.5,73.9,199400000.0,167520000.0,123800000.0,0,4,66.4,90.3,61.2,0,ON_TRACK,0,0
97,Road Transport & Highways Project #97,Road Transport & Highways,Rajasthan,540,305,60.0,62.6,68.1,268340000.0,213130000.0,145140000.0,0,10,81.6,66.7,88.0,0,ON_TRACK,0,0
98,Railways Project #98,Railways,Uttar Pradesh,365,117,25.1,24.3,21.3,209700000.0,63690000.0,13570000.0,0,6,70.0,71.4,64.3,0,ON_TRACK,0,0
99,Urban Development Project #99,Urban Development,Rajasthan,730,799,66.5,93.5,89.2,167530000.0,165800000.0,147890000.0,1,4,54.9,50.2,72.8,0,CRITICAL,1,164
100,Water Resources Project #100,Water Resources,West Bengal,730,737,87.4,98.1,95.6,413650000.0,413650000.0,395450000.0,1,4,64.7,55.7,92.8,0,AT_RISK,0,0
101,Education & Social Infrastructure Project #101,Education & Social Infrastructure,West Bengal,540,80,7.2,12.7,16.6,482400000.0,108510000.0,18010000.0,2,5,49.5,57.5,82.5,3,CRITICAL,1,105
102,Power & Renewable Energy Project #102,Power & Renewable Energy,Maharashtra,270,99,30.4,30.7,30.5,430890000.0,160980000.0,49100000.0,0,10,68.9,40.3,68.7,0,ON_TRACK,0,0
103,Education & Social Infrastructure Project #103,Education & Social Infrastructure,Meghalaya,365,288,65.6,86.3,72.8,190220000.0,149100000.0,108540000.0,1,5,80.5,45.0,39.7,1,CRITICAL,1,132
104,Railways Project #104,Railways,Rajasthan,365,385,60.1,96.2,65.6,74440000.0,58940000.0,38660000.0,4,10,65.9,70.2,43.7,1,CRITICAL,1,286
105,Road Transport & Highways Project #105,Road Transport & Highways,Meghalaya,270,150,43.6,57.6,41.7,84640000.0,47140000.0,19660000.0,3,10,80.7,76.0,54.5,2,CRITICAL,1,157
106,Power & Renewable Energy Project #106,Power & Renewable Energy,Madhya Pradesh,730,436,51.6,65.8,56.7,137350000.0,89490000.0,50740000.0,2,8,69.4,72.9,67.0,2,CRITICAL,1,149
107,Road Transport & Highways Project #107,Road Transport & Highways,Tamil Nadu,180,148,81.6,90.5,79.3,234710000.0,211020000.0,167340000.0,2,10,73.4,75.3,77.2,3,AT_RISK,0,0
108,Water Resources Project #108,Water Resources,Bihar,540,131,16.1,20.7,11.3,16950000.0,4170000.0,470000.0,1,10,69.9,61.6,83.3,3,AT_RISK,0,0
109,Railways Project #109,Railways,West Bengal,1095,709,54.8,69.6,54.6,425540000.0,284640000.0,155410000.0,1,6,87.2,49.2,67.2,0,CRITICAL,1,110
110,Water Resources Project #110,Water Resources,Tripura,900,90,10.2,9.5,8.6,478600000.0,72180000.0,6210000.0,1,10,96.7,30.0,79.0,2,DELAYED,1,47
111,Digital Governance Project #111,Digital Governance,Bihar,540,296,52.2,58.5,52.7,154670000.0,102850000.0,54200000.0,0,4,84.1,50.9,86.1,1,ON_TRACK,0,0
112,Digital Governance Project #112,Digital Governance,Manipur,180,155,81.9,89.1,79.9,109750000.0,93290000.0,74540000.0,0,8,48.6,95.7,65.1,0,DELAYED,1,42
113,Education & Social Infrastructure Project #113,Education & Social Infrastructure,Mizoram,1095,367,20.4,25.4,24.3,333900000.0,100450000.0,24410000.0,1,5,71.6,81.1,78.8,4,AT_RISK,0,0
114,Urban Development Project #114,Urban Development,Meghalaya,730,520,76.0,81.0,81.4,367200000.0,348900000.0,284000000.0,0,4,92.2,76.8,62.9,1,DELAYED,1,34
115,Road Transport & Highways Project #115,Road Transport & Highways,Madhya Pradesh,365,291,75.8,85.5,78.3,356030000.0,315600000.0,247110000.0,1,6,63.8,61.6,92.8,2,DELAYED,1,89
116,Digital Governance Project #116,Digital Governance,Arunachal Pradesh,270,299,64.1,95.7,68.2,101590000.0,74560000.0,50850000.0,5,10,79.4,74.3,38.0,4,CRITICAL,1,290
117,Road Transport & Highways Project #117,Road Transport & Highways,Arunachal Pradesh,365,317,80.9,91.5,87.2,59670000.0,56670000.0,49420000.0,1,5,68.2,76.0,88.7,1,AT_RISK,0,0
118,Road Transport & Highways Project #118,Road Transport & Highways,Manipur,180,116,61.4,67.8,57.6,47040000.0,33920000.0,19540000.0,0,6,82.7,87.0,65.3,1,ON_TRACK,0,0
119,Power & Renewable Energy Project #119,Power & Renewable Energy,Odisha,540,106,23.6,14.7,28.9,470140000.0,159690000.0,46150000.0,0,8,77.5,48.5,24.1,0,ON_TRACK,0,0
120,Road Transport & Highways Project #120,Road Transport & Highways,Madhya Pradesh,365,42,0.0,7.1,1.5,364490000.0,24020000.0,360000.0,2,8,47.7,71.8,82.7,3,AT_RISK,0,0
121,Road Transport & Highways Project #121,Road Transport & Highways,Uttar Pradesh,365,310,80.6,88.2,89.6,276680000.0,267280000.0,239480000.0,0,5,67.8,84.2,76.9,0,ON_TRACK,0,0
122,Education & Social Infrastructure Project #122,Education & Social Infrastructure,Rajasthan,365,331,68.9,92.9,88.5,303430000.0,289810000.0,256480000.0,3,10,63.6,52.8,46.8,2,CRITICAL,1,194
123,Power & Renewable Energy Project #123,Power & Renewable Energy,Tamil Nadu,365,309,73.7,83.5,77.0,134890000.0,120630000.0,92890000.0,0,5,74.2,69.5,80.3,0,ON_TRACK,0,0
124,Road Transport & Highways Project #124,Road Transport & Highways,Madhya Pradesh,365,386,85.4,98.2,89.6,88580000.0,88580000.0,79370000.0,2,10,66.7,76.7,80.4,2,AT_RISK,0,0
125,Power & Renewable Energy Project #125,Power & Renewable Energy,Tamil Nadu,540,297,53.8,60.6,53.5,91800000.0,55940000.0,29930000.0,1,6,72.0,70.0,93.4,1,AT_RISK,0,0
126,Health & Family Welfare Project #126,Health & Family Welfare,Manipur,1460,781,39.7,54.5,64.2,261020000.0,183610000.0,117880000.0,1,5,71.9,65.5,52.6,0,AT_RISK,0,0
127,Education & Social Infrastructure Project #127,Education & Social Infrastructure,West Bengal,1095,1002,78.8,93.8,78.1,270470000.0,238570000.0,186320000.0,2,6,76.0,64.1,62.6,2,AT_RISK,0,0
128,Water Resources Project #128,Water Resources,Tamil Nadu,540,96,6.8,12.1,7.1,192540000.0,24620000.0,1750000.0,0,8,85.4,60.7,96.6,0,ON_TRACK,0,0
129,Power & Renewable Energy Project #129,Power & Renewable Energy,Bihar,540,455,68.2,87.3,83.7,373700000.0,337820000.0,282760000.0,0,4,42.6,75.3,52.5,0,CRITICAL,1,110
130,Railways Project #130,Railways,West Bengal,365,268,71.1,78.6,77.3,283380000.0,249790000.0,193090000.0,1,5,85.5,94.1,46.3,2,AT_RISK,0,0
131,Railways Project #131,Railways,Gujarat,1095,605,52.7,59.1,62.4,395490000.0,297160000.0,185430000.0,2,8,56.6,89.5,90.2,2,CRITICAL,1,104
132,Road Transport & Highways Project #132,Road Transport & Highways,Nagaland,365,49,9.0,12.6,10.7,56510000.0,14520000.0,1550000.0,1,6,62.3,78.5,39.3,2,AT_RISK,0,0
133,Urban Development Project #133,Urban Development,Maharashtra,180,106,29.9,60.0,39.7,43970000.0,22460000.0,8920000.0,2,6,42.8,65.4,69.2,0,CRITICAL,1,220
134,Urban Development Project #134,Urban Development,Karnataka,540,580,89.3,93.9,94.8,327830000.0,327830000.0,310780000.0,1,6,62.6,77.8,72.6,0,AT_RISK,0,0
135,Education & Social Infrastructure Project #135,Education & Social Infrastructure,Mizoram,365,114,21.4,24.5,28.9,324860000.0,112680000.0,32560000.0,0,6,80.0,39.7,77.3,1,ON_TRACK,0,0
136,Digital Governance Project #136,Digital Governance,Bihar,180,23,10.3,8.1,18.0,40570000.0,10690000.0,1920000.0,0,10,85.6,57.8,67.5,0,ON_TRACK,0,0
137,Road Transport & Highways Project #137,Road Transport & Highways,West Bengal,900,976,85.4,96.7,85.7,340260000.0,310740000.0,266300000.0,1,10,75.3,79.6,88.1,0,CRITICAL,1,117
138,Railways Project #138,Railways,Arunachal Pradesh,900,236,16.6,19.3,23.9,37920000.0,12550000.0,3000000.0,0,4,44.5,80.7,87.1,0,DELAYED,1,34
139,Railways Project #139,Railways,Odisha,730,733,82.8,96.2,92.1,95990000.0,95990000.0,88410000.0,1,4,72.2,52.7,86.5,1,CRITICAL,1,126
140,Health & Family Welfare Project #140,Health & Family Welfare,Mizoram,1460,1575,69.3,96.4,92.8,448050000.0,448050000.0,415790000.0,2,6,49.4,60.7,75.5,0,CRITICAL,1,210
141,Health & Family Welfare Project #141,Health & Family Welfare,Uttar Pradesh,365,235,67.5,71.9,74.3,299070000.0,237350000.0,176350000.0,1,8,81.4,90.9,62.6,0,AT_RISK,0,0
142,Digital Governance Project #142,Digital Governance,Meghalaya,730,466,61.7,70.0,60.9,427960000.0,321760000.0,195950000.0,2,4,73.0,47.0,86.4,2,AT_RISK,0,0
143,Urban Development Project #143,Urban Development,Meghalaya,365,165,37.4,41.0,46.3,189280000.0,103120000.0,47740000.0,0,10,84.3,78.8,65.8,1,ON_TRACK,0,0
144,Health & Family Welfare Project #144,Health & Family Welfare,Manipur,730,252,21.3,28.7,30.8,15040000.0,6460000.0,1990000.0,0,4,71.6,81.5,66.3,1,ON_TRACK,0,0
145,Power & Renewable Energy Project #145,Power & Renewable Energy,Rajasthan,730,286,24.4,32.4,26.1,457480000.0,150940000.0,39400000.0,1,5,80.1,58.0,67.4,1,AT_RISK,0,0
146,Power & Renewable Energy Project #146,Power & Renewable Energy,Manipur,540,566,80.1,93.9,81.5,417170000.0,365850000.0,298170000.0,1,10,67.9,58.9,88.2,0,AT_RISK,0,0
147,Health & Family Welfare Project #147,Health & Family Welfare,Tamil Nadu,1095,267,19.1,15.6,42.7,50540000.0,25390000.0,10840000.0,0,10,61.3,57.5,68.4,1,ON_TRACK,1,15
148,Water Resources Project #148,Water Resources,Madhya Pradesh,540,182,9.6,23.2,12.5,23350000.0,5310000.0,660000.0,2,10,70.4,53.0,59.8,2,AT_RISK,0,0
149,Road Transport & Highways Project #149,Road Transport & Highways,Maharashtra,365,352,77.3,93.4,86.9,234970000.0,223060000.0,193840000.0,1,6,53.3,94.6,49.2,0,CRITICAL,1,131
150,Railways Project #150,Railways,West Bengal,365,267,68.8,81.0,74.6,343860000.0,306040000.0,228310000.0,0,8,65.1,73.9,36.4,0,AT_RISK,0,0
151,Water Resources Project #151,Water Resources,West Bengal,900,999,86.3,100.0,93.8,34610000.0,34610000.0,32460000.0,1,5,86.0,73.2,72.5,0,CRITICAL,1,107
152,Health & Family Welfare Project #152,Health & Family Welfare,Maharashtra,365,52,7.8,8.2,15.2,359290000.0,97610000.0,14840000.0,0,8,48.7,90.2,77.6,0,ON_TRACK,0,0
153,Urban Development Project #153,Urban Development,Nagaland,900,865,73.6,96.1,70.6,287060000.0,229710000.0,162180000.0,2,5,64.4,56.5,95.4,2,AT_RISK,0,0
154,Road Transport & Highways Project #154,Road Transport & Highways,Rajasthan,365,74,10.9,12.1,20.5,276660000.0,78160000.0,16020000.0,0,6,68.7,80.2,91.7,0,ON_TRACK,0,0
155,Digital Governance Project #155,Digital Governance,Sikkim,270,172,62.2,67.1,64.5,349960000.0,262570000.0,169360000.0,1,10,84.8,66.3,83.9,1,AT_RISK,0,0
156,Digital Governance Project #156,Digital Governance,Nagaland,730,190,6.1,18.3,11.8,211540000.0,40630000.0,4790000.0,1,4,42.0,53.3,38.9,0,CRITICAL,1,109
157,Railways Project #157,Railways,Gujarat,180,142,45.8,83.3,58.3,325980000.0,207110000.0,120750000.0,2,6,69.6,86.4,20.0,1,CRITICAL,1,233
158,Water Resources Project #158,Water Resources,Mizoram,540,350,51.9,70.5,68.2,133030000.0,106030000.0,72310000.0,2,10,45.3,79.0,53.8,1,CRITICAL,1,173
159,Urban Development Project #159,Urban Development,Uttar Pradesh,1460,427,9.5,19.2,29.6,300090000.0,108810000.0,32210000.0,1,10,82.4,40.2,46.0,0,DELAYED,1,82
160,Railways Project #160,Railways,Rajasthan,730,734,66.7,95.7,74.8,72610000.0,61150000.0,45740000.0,4,8,58.9,53.0,65.1,3,CRITICAL,1,264
161,Health & Family Welfare Project #161,Health & Family Welfare,Sikkim,270,257,81.5,93.6,89.9,413570000.0,413570000.0,371800000.0,2,10,70.0,82.2,58.0,2,CRITICAL,1,134
162,Health & Family Welfare Project #162,Health & Family Welfare,Meghalaya,540,274,48.7,50.5,53.2,72880000.0,46630000.0,24810000.0,0,8,70.9,63.3,80.2,0,ON_TRACK,0,0
163,Power & Renewable Energy Project #163,Power & Renewable Energy,Uttar Pradesh,730,399,36.2,58.3,57.0,487980000.0,325690000.0,185640000.0,1,6,80.9,70.8,41.9,1,CRITICAL,1,163
164,Health & Family Welfare Project #164,Health & Family Welfare,Meghalaya,540,444,64.4,85.7,65.8,385600000.0,300080000.0,197450000.0,0,4,38.9,58.7,90.2,0,AT_RISK,0,0
165,Power & Renewable Energy Project #165,Power & Renewable Energy,Bihar,1095,886,72.4,84.5,81.5,437600000.0,398310000.0,324620000.0,0,4,68.2,79.4,80.1,0,AT_RISK,0,0
166,Railways Project #166,Railways,Tamil Nadu,540,313,41.2,59.8,56.7,352120000.0,224830000.0,127480000.0,1,5,57.6,64.5,71.6,0,AT_RISK,0,0
167,Urban Development Project #167,Urban Development,Manipur,365,344,79.2,91.8,83.7,416040000.0,401620000.0,336160000.0,1,10,75.7,40.7,79.5,0,CRITICAL,1,115
168,Education & Social Infrastructure Project #168,Education & Social Infrastructure,Madhya Pradesh,365,267,68.5,79.8,76.0,106480000.0,90950000.0,69120000.0,2,6,76.2,78.4,95.7,3,AT_RISK,0,0
169,Road Transport & Highways Project #169,Road Transport & Highways,Meghalaya,730,498,72.0,75.8,77.0,49250000.0,42560000.0,32770000.0,1,6,93.5,56.4,93.4,0,DELAYED,1,59
170,Education & Social Infrastructure Project #170,Education & Social Infrastructure,Tripura,180,93,40.8,46.6,36.5,100790000.0,47280000.0,17260000.0,1,10,86.5,54.4,70.4,0,AT_RISK,0,0
171,Railways Project #171,Railways,Bihar,540,311,37.8,62.6,46.1,385330000.0,212840000.0,98120000.0,2,8,62.7,52.8,74.5,0,CRITICAL,1,172
172,Road Transport & Highways Project #172,Road Transport & Highways,Meghalaya,180,200,91.7,98.6,99.4,169210000.0,169210000.0,168190000.0,1,10,88.3,60.3,64.3,1,DELAYED,1,80
173,Urban Development Project #173,Urban Development,Bihar,1460,423,0.0,20.9,16.9,204040000.0,47400000.0,8010000.0,2,8,59.9,66.8,64.0,0,AT_RISK,0,0
174,Health & Family Welfare Project #174,Health & Family Welfare,Manipur,270,142,43.5,51.2,61.0,171970000.0,126310000.0,77050000.0,0,4,51.1,65.3,74.2,0,ON_TRACK,0,0
175,Railways Project #175,Railways,Manipur,540,330,58.0,65.3,54.4,316580000.0,205480000.0,111780000.0,1,10,61.4,60.7,96.9,0,DELAYED,1,77
176,Road Transport & Highways Project #176,Road Transport & Highways,Mizoram,365,226,62.1,67.6,65.9,43010000.0,34070000.0,22450000.0,0,6,45.3,65.4,84.5,1,DELAYED,1,41
177,Health & Family Welfare Project #177,Health & Family Welfare,Gujarat,365,189,45.9,55.3,43.0,430960000.0,228410000.0,98220000.0,0,8,54.0,73.5,70.7,0,ON_TRACK,0,0
178,Power & Renewable Energy Project #178,Power & Renewable Energy,Uttar Pradesh,730,312,19.2,36.6,24.4,257180000.0,83640000.0,20410000.0,1,5,60.4,73.3,61.6,1,CRITICAL,1,124
179,Water Resources Project #179,Water Resources,Tamil Nadu,900,857,96.0,94.7,100.0,394690000.0,394690000.0,394690000.0,1,5,82.9,77.9,77.4,3,AT_RISK,0,0
180,Water Resources Project #180,Water Resources,West Bengal,540,185,23.3,26.4,27.9,160500000.0,66600000.0,18580000.0,0,4,75.1,74.0,55.9,1,ON_TRACK,0,0
181,Health & Family Welfare Project #181,Health & Family Welfare,Sikkim,365,100,22.3,20.8,30.5,365430000.0,133840000.0,40820000.0,0,5,79.8,66.8,79.0,0,ON_TRACK,0,0
182,Railways Project #182,Railways,Tamil Nadu,180,84,39.6,44.2,35.1,69730000.0,30860000.0,10830000.0,1,6,64.2,86.3,74.6,0,DELAYED,1,58
183,Health & Family Welfare Project #183,Health & Family Welfare,Tripura,900,896,62.6,93.5,83.2,378900000.0,361960000.0,301150000.0,1,4,59.7,44.9,62.8,0,CRITICAL,1,207
184,Road Transport & Highways Project #184,Road Transport & Highways,Assam,270,172,66.9,67.0,67.1,391240000.0,300110000.0,201370000.0,1,6,66.5,63.9,56.5,2,AT_RISK,0,0
185,Railways Project #185,Railways,Maharashtra,540,212,26.4,35.1,22.3,119720000.0,37030000.0,8260000.0,1,10,79.6,67.0,71.8,0,AT_RISK,0,0
186,Power & Renewable Energy Project #186,Power & Renewable Energy,Uttar Pradesh,540,530,77.0,97.3,78.6,246600000.0,211390000.0,166150000.0,2,8,46.0,78.3,74.0,0,AT_RISK,0,0
187,Railways Project #187,Railways,Bihar,180,169,75.5,93.4,82.4,118050000.0,105370000.0,86820000.0,1,5,78.6,32.1,84.0,0,CRITICAL,1,125
188,Urban Development Project #188,Urban Development,Assam,180,51,21.9,22.5,21.6,321470000.0,96950000.0,20940000.0,0,5,76.7,64.9,81.4,0,ON_TRACK,0,0
189,Power & Renewable Energy Project #189,Power & Renewable Energy,West Bengal,365,407,94.6,99.1,90.7,292140000.0,292140000.0,264970000.0,0,4,76.9,92.9,87.0,0,ON_TRACK,0,0
190,Urban Development Project #190,Urban Development,Arunachal Pradesh,365,245,69.4,74.1,65.6,439540000.0,342350000.0,224580000.0,0,8,62.6,80.0,86.9,0,ON_TRACK,0,0
191,Railways Project #191,Railways,West Bengal,365,327,85.1,92.3,88.6,383470000.0,383470000.0,339750000.0,1,6,57.9,79.8,90.5,0,AT_RISK,0,0
192,Education & Social Infrastructure Project #192,Education & Social Infrastructure,Tripura,1460,1359,60.6,92.5,63.4,302250000.0,221390000.0,140360000.0,2,4,38.4,94.3,44.2,0,CRITICAL,1,211
193,Power & Renewable Energy Project #193,Power & Renewable Energy,Mizoram,730,806,90.9,98.7,96.9,387180000.0,387180000.0,375180000.0,1,6,96.1,88.1,46.5,0,AT_RISK,0,0
194,Water Resources Project #194,Water Resources,Rajasthan,180,187,92.5,99.3,97.0,106280000.0,106280000.0,103090000.0,1,10,80.0,68.8,94.9,0,AT_RISK,0,0
195,Road Transport & Highways Project #195,Road Transport & Highways,Bihar,730,784,81.3,100.0,95.9,70810000.0,70810000.0,67910000.0,1,5,47.7,50.8,78.7,1,CRITICAL,1,126
196,Urban Development Project #196,Urban Development,Bihar,540,395,78.6,80.6,87.4,256160000.0,245090000.0,214210000.0,0,10,95.0,89.0,81.8,1,ON_TRACK,0,0
197,Power & Renewable Energy Project #197,Power & Renewable Energy,Maharashtra,900,101,0.0,8.5,12.6,386690000.0,70450000.0,8880000.0,1,5,79.4,45.9,63.9,2,CRITICAL,1,101
198,Road Transport & Highways Project #198,Road Transport & Highways,Manipur,730,163,9.0,14.8,33.2,485340000.0,227390000.0,75490000.0,0,10,79.4,37.0,66.7,0,ON_TRACK,0,0
199,Power & Renewable Energy Project #199,Power & Renewable Energy,Maharashtra,540,312,55.1,60.8,59.1,49060000.0,34800000.0,20570000.0,0,5,83.9,80.2,77.8,0,ON_TRACK,0,0
200,Power & Renewable Energy Project #200,Power & Renewable Energy,Karnataka,180,159,68.5,91.7,73.7,350940000.0,309330000.0,227980000.0,2,10,62.1,85.5,45.7,1,CRITICAL,1,173
201,Road Transport & Highways Project #201,Road Transport & Highways,Sikkim,365,86,14.3,14.9,14.8,469710000.0,105950000.0,15680000.0,0,4,85.0,75.4,82.5,0,ON_TRACK,0,0
202,Road Transport & Highways Project #202,Road Transport & Highways,Manipur,900,1032,83.2,98.8,87.1,249720000.0,233320000.0,203220000.0,1,5,87.5,65.5,74.5,0,AT_RISK,0,0
203,Railways Project #203,Railways,Karnataka,180,74,32.6,38.7,38.0,334060000.0,144930000.0,55070000.0,0,6,60.8,70.9,80.0,0,ON_TRACK,0,0
204,Education & Social Infrastructure Project #204,Education & Social Infrastructure,West Bengal,730,519,65.6,78.0,73.0,283270000.0,222500000.0,162420000.0,1,8,71.4,54.1,75.0,0,CRITICAL,1,105
205,Road Transport & Highways Project #205,Road Transport & Highways,Gujarat,730,571,73.9,85.1,70.8,481090000.0,395260000.0,279840000.0,2,10,54.2,68.1,83.9,0,CRITICAL,1,112
206,Railways Project #206,Railways,Manipur,365,46,4.5,13.3,13.9,79980000.0,19750000.0,2750000.0,1,4,72.1,92.2,48.3,0,DELAYED,1,89
207,Road Transport & Highways Project #207,Road Transport & Highways,Madhya Pradesh,180,127,71.6,76.7,70.5,230470000.0,189970000.0,133930000.0,1,4,98.0,93.4,75.8,2,DELAYED,1,88
208,Health & Family Welfare Project #208,Health & Family Welfare,Sikkim,540,284,31.8,53.9,51.3,247240000.0,158830000.0,81480000.0,1,6,56.2,33.8,79.0,0,CRITICAL,1,163
209,Road Transport & Highways Project #209,Road Transport & Highways,West Bengal,730,253,23.6,24.7,29.4,70970000.0,28670000.0,8430000.0,0,5,74.5,76.9,62.1,0,ON_TRACK,0,0
210,Power & Renewable Energy Project #210,Power & Renewable Energy,Mizoram,730,320,31.0,37.7,26.0,426470000.0,148450000.0,38600000.0,0,5,78.5,49.8,81.5,1,DELAYED,1,61
211,Railways Project #211,Railways,Meghalaya,730,96,7.0,12.6,7.5,201550000.0,44870000.0,3370000.0,1,6,54.5,75.7,81.6,0,AT_RISK,0,0
212,Power & Renewable Energy Project #212,Power & Renewable Energy,Nagaland,180,77,39.9,40.7,39.5,407700000.0,193410000.0,76400000.0,0,5,92.3,75.4,51.7,0,ON_TRACK,0,0
213,Water Resources Project #213,Water Resources,Sikkim,1460,491,22.1,28.8,20.6,251080000.0,72070000.0,14850000.0,0,4,61.2,93.2,53.6,1,DELAYED,1,63
214,Railways Project #214,Railways,Gujarat,365,248,60.6,74.6,68.0,51780000.0,42280000.0,28750000.0,0,6,91.6,65.6,39.2,0,CRITICAL,1,92
215,Railways Project #215,Railways,Karnataka,1460,483,23.0,28.1,31.5,75430000.0,30450000.0,9590000.0,0,8,84.8,80.0,43.6,1,ON_TRACK,0,0
216,Education & Social Infrastructure Project #216,Education & Social Infrastructure,Karnataka,270,235,78.8,87.3,83.6,491420000.0,480210000.0,401460000.0,1,8,87.9,71.3,43.9,0,DELAYED,1,86
217,Railways Project #217,Railways,Odisha,540,521,79.4,94.0,74.6,78450000.0,68060000.0,50770000.0,1,10,72.7,77.4,60.6,0,CRITICAL,1,117
218,Water Resources Project #218,Water Resources,Meghalaya,540,519,79.0,93.2,85.3,295390000.0,272250000.0,232230000.0,1,8,62.0,93.7,67.4,0,CRITICAL,1,113
219,Education & Social Infrastructure Project #219,Education & Social Infrastructure,Uttar Pradesh,730,86,3.4,9.4,8.5,430710000.0,99610000.0,8470000.0,0,5,83.4,87.2,37.8,0,ON_TRACK,0,0
220,Road Transport & Highways Project #220,Road Transport & Highways,Tripura,540,236,39.6,42.8,35.3,246950000.0,99880000.0,35260000.0,0,5,68.5,60.1,77.0,1,ON_TRACK,0,0
221,Power & Renewable Energy Project #221,Power & Renewable Energy,Mizoram,900,228,16.6,16.1,13.2,331720000.0,90460000.0,11940000.0,1,8,66.8,80.4,92.2,3,AT_RISK,0,0
222,Water Resources Project #222,Water Resources,Mizoram,270,174,52.4,69.8,56.5,71060000.0,46300000.0,26160000.0,0,5,65.8,89.1,41.7,0,AT_RISK,0,0
223,Digital Governance Project #223,Digital Governance,Odisha,540,204,35.6,32.0,37.1,224500000.0,101480000.0,37650000.0,1,4,79.2,82.7,85.2,3,DELAYED,1,35
224,Urban Development Project #224,Urban Development,West Bengal,1095,384,25.6,26.3,23.3,13450000.0,4890000.0,1140000.0,1,10,37.7,89.6,74.4,3,DELAYED,1,61
225,Power & Renewable Energy Project #225,Power & Renewable Energy,Nagaland,270,245,84.6,92.3,90.5,395390000.0,387230000.0,350440000.0,1,10,70.4,78.8,83.7,1,AT_RISK,0,0
226,Railways Project #226,Railways,Maharashtra,730,633,86.2,88.2,90.7,214520000.0,208390000.0,189010000.0,1,8,83.2,49.7,95.8,2,DELAYED,1,75
227,Urban Development Project #227,Urban Development,Gujarat,365,102,18.2,18.1,24.4,81300000.0,31040000.0,7570000.0,0,4,75.5,70.7,62.5,0,ON_TRACK,0,0
228,Education & Social Infrastructure Project #228,Education & Social Infrastructure,Sikkim,540,173,13.3,23.9,16.8,459210000.0,136880000.0,23000000.0,1,5,90.7,54.7,80.3,4,AT_RISK,0,0
229,Urban Development Project #229,Urban Development,Uttar Pradesh,540,163,12.2,17.7,9.7,209100000.0,50110000.0,4860000.0,0,6,58.7,79.7,62.1,0,ON_TRACK,0,0
230,Urban Development Project #230,Urban Development,Arunachal Pradesh,365,47,9.6,11.1,5.0,209380000.0,25560000.0,1280000.0,0,8,55.1,90.4,60.8,0,ON_TRACK,0,0
231,Railways Project #231,Railways,Rajasthan,730,559,63.2,81.2,66.1,423650000.0,307120000.0,203010000.0,1,8,61.4,58.5,56.0,0,CRITICAL,1,147
232,Education & Social Infrastructure Project #232,Education & Social Infrastructure,Manipur,365,119,23.5,24.9,32.0,359720000.0,162530000.0,52010000.0,0,8,63.4,87.3,73.1,1,ON_TRACK,0,0
233,Railways Project #233,Railways,Arunachal Pradesh,365,350,85.9,93.7,90.9,409360000.0,403250000.0,366550000.0,0,10,79.0,83.0,81.3,1,ON_TRACK,0,0
234,Education & Social Infrastructure Project #234,Education & Social Infrastructure,Rajasthan,900,812,78.8,94.0,74.5,151680000.0,127430000.0,94940000.0,2,5,82.1,73.9,72.7,2,AT_RISK,0,0
235,Education & Social Infrastructure Project #235,Education & Social Infrastructure,Rajasthan,540,98,8.6,9.2,17.4,455090000.0,129450000.0,22520000.0,0,5,88.5,49.2,78.0,1,ON_TRACK,0,0
236,Power & Renewable Energy Project #236,Power & Renewable Energy,Maharashtra,365,400,86.8,97.8,93.2,110930000.0,110930000.0,103390000.0,1,10,71.9,90.1,71.9,0,CRITICAL,1,102
237,Education & Social Infrastructure Project #237,Education & Social Infrastructure,Assam,730,797,85.9,94.0,93.9,26980000.0,26980000.0,25330000.0,0,10,63.0,76.3,51.3,0,ON_TRACK,0,0
238,Power & Renewable Energy Project #238,Power & Renewable Energy,Tripura,1460,552,31.2,33.6,35.8,402890000.0,183170000.0,65570000.0,0,5,66.8,82.7,50.5,0,DELAYED,1,51
239,Water Resources Project #239,Water Resources,Gujarat,270,172,57.1,69.2,55.9,249590000.0,162170000.0,90650000.0,1,6,87.8,56.9,63.1,0,AT_RISK,0,0
240,Water Resources Project #240,Water Resources,Gujarat,180,136,73.5,79.5,82.6,349040000.0,311200000.0,257050000.0,0,4,77.4,49.3,79.8,1,ON_TRACK,0,0
241,Power & Renewable Energy Project #241,Power & Renewable Energy,Bihar,180,150,80.6,89.3,81.2,84190000.0,79290000.0,64380000.0,2,8,79.9,80.4,86.2,2,AT_RISK,0,0
242,Education & Social Infrastructure Project #242,Education & Social Infrastructure,Rajasthan,270,297,82.8,95.3,88.7,255140000.0,249660000.0,221450000.0,1,4,78.7,79.7,73.0,1,CRITICAL,1,119
243,Power & Renewable Energy Project #243,Power & Renewable Energy,Rajasthan,270,158,54.6,61.1,64.3,57710000.0,41740000.0,26840000.0,2,10,82.0,70.1,75.7,4,AT_RISK,0,0
244,Railways Project #244,Railways,Uttar Pradesh,540,310,55.4,63.4,61.6,482570000.0,356030000.0,219310000.0,1,8,60.3,89.6,78.6,0,AT_RISK,0,0
245,Urban Development Project #245,Urban Development,Rajasthan,730,311,29.6,38.0,38.6,364530000.0,179980000.0,69470000.0,1,10,49.5,78.4,90.9,1,CRITICAL,1,97
246,Urban Development Project #246,Urban Development,Madhya Pradesh,540,257,41.8,44.5,62.4,214680000.0,146260000.0,91270000.0,0,10,63.4,72.1,39.3,0,ON_TRACK,0,0
247,Road Transport & Highways Project #247,Road Transport & Highways,Sikkim,540,75,7.0,12.9,9.6,416800000.0,88530000.0,8500000.0,1,4,76.6,55.3,76.7,1,DELAYED,1,83
248,Health & Family Welfare Project #248,Health & Family Welfare,Madhya Pradesh,730,518,76.1,77.0,83.8,227390000.0,222810000.0,186710000.0,0,10,63.7,90.0,72.6,0,ON_TRACK,0,0
249,Urban Development Project #249,Urban Development,Gujarat,900,146,6.8,8.0,2.7,138510000.0,16710000.0,450000.0,0,10,58.8,69.6,82.3,0,ON_TRACK,0,0
250,Digital Governance Project #250,Digital Governance,Bihar,365,224,62.0,67.0,57.7,56390000.0,35540000.0,20510000.0,1,4,82.4,70.7,66.3,0,AT_RISK,0,0
251,Urban Development Project #251,Urban Development,Arunachal Pradesh,540,610,87.3,94.7,90.4,377310000.0,377310000.0,341090000.0,1,6,73.4,86.3,71.2,1,AT_RISK,0,0
252,Urban Development Project #252,Urban Development,Tamil Nadu,270,166,50.4,69.3,50.6,51540000.0,32820000.0,16610000.0,2,8,63.9,68.3,39.4,0,CRITICAL,1,155
253,Urban Development Project #253,Urban Development,Maharashtra,900,285,23.7,23.3,22.2,66600000.0,20290000.0,4500000.0,0,5,73.7,71.4,58.9,0,ON_TRACK,1,17
254,Health & Family Welfare Project #254,Health & Family Welfare,Bihar,900,524,52.0,61.3,58.4,359380000.0,241010000.0,140750000.0,1,10,53.1,57.2,91.5,0,CRITICAL,1,108
255,Road Transport & Highways Project #255,Road Transport & Highways,Meghalaya,540,141,16.7,19.3,21.7,211050000.0,66280000.0,14380000.0,0,4,90.5,70.6,96.4,1,ON_TRACK,0,0
256,Water Resources Project #256,Water Resources,Rajasthan,365,183,37.3,50.6,60.7,161090000.0,119840000.0,72740000.0,1,5,67.8,33.5,74.8,0,CRITICAL,1,97
257,Road Transport & Highways Project #257,Road Transport & Highways,Arunachal Pradesh,540,429,70.0,83.2,93.7,43960000.0,43960000.0,41190000.0,2,10,30.7,75.6,81.2,2,CRITICAL,1,135
258,Health & Family Welfare Project #258,Health & Family Welfare,Tamil Nadu,730,452,43.8,67.3,47.2,155130000.0,89860000.0,42410000.0,1,4,62.4,54.5,64.2,0,AT_RISK,0,0
259,Water Resources Project #259,Water Resources,Mizoram,365,321,72.1,88.4,73.9,397160000.0,322010000.0,237970000.0,0,5,85.6,46.6,44.0,1,AT_RISK,0,0
260,Digital Governance Project #260,Digital Governance,Maharashtra,730,580,73.1,81.3,81.0,213400000.0,185430000.0,150200000.0,1,10,85.5,77.5,43.2,0,AT_RISK,0,0
261,Urban Development Project #261,Urban Development,Nagaland,900,794,77.6,91.9,84.1,397090000.0,379190000.0,318900000.0,1,10,79.3,71.8,77.3,1,AT_RISK,0,0
262,Railways Project #262,Railways,Uttar Pradesh,180,205,84.9,97.5,81.6,436310000.0,405600000.0,330970000.0,1,8,67.1,74.5,81.6,0,AT_RISK,0,0
263,Digital Governance Project #263,Digital Governance,Arunachal Pradesh,730,420,54.2,62.7,53.5,481190000.0,296550000.0,158650000.0,1,6,94.9,56.0,70.7,0,DELAYED,1,77
264,Health & Family Welfare Project #264,Health & Family Welfare,Bihar,540,261,40.7,43.6,44.7,406620000.0,234630000.0,104880000.0,0,5,80.2,76.4,55.6,0,ON_TRACK,0,0
265,Health & Family Welfare Project #265,Health & Family Welfare,Arunachal Pradesh,365,59,18.5,11.7,36.5,375170000.0,175000000.0,63880000.0,0,6,60.9,81.5,52.1,0,ON_TRACK,0,0
266,Education & Social Infrastructure Project #266,Education & Social Infrastructure,Mizoram,540,281,46.1,56.3,54.0,160140000.0,96920000.0,52340000.0,1,10,54.8,65.8,57.4,0,AT_RISK,0,0
267,Water Resources Project #267,Water Resources,Meghalaya,900,500,48.0,56.5,56.4,405290000.0,249000000.0,140440000.0,1,5,75.2,80.9,53.3,0,AT_RISK,0,0
268,Education & Social Infrastructure Project #268,Education & Social Infrastructure,Manipur,180,139,73.2,78.9,68.9,113040000.0,89930000.0,61960000.0,0,8,84.4,69.4,74.2,1,ON_TRACK,0,0
269,Water Resources Project #269,Water Resources,Uttar Pradesh,365,144,22.0,34.4,44.1,82040000.0,46110000.0,20330000.0,1,5,72.4,46.7,65.4,0,CRITICAL,1,123
270,Power & Renewable Energy Project #270,Power & Renewable Energy,Tripura,540,557,83.2,95.2,97.6,324890000.0,324890000.0,317090000.0,1,8,36.3,80.4,74.3,0,CRITICAL,1,115
271,Road Transport & Highways Project #271,Road Transport & Highways,Meghalaya,540,462,65.6,86.7,64.1,334060000.0,243930000.0,156360000.0,3,10,69.1,75.4,63.6,2,AT_RISK,0,0
272,Road Transport & Highways Project #272,Road Transport & Highways,Tamil Nadu,540,54,12.5,6.8,19.4,305860000.0,89720000.0,17410000.0,0,6,75.5,70.0,81.7,3,ON_TRACK,0,0
273,Power & Renewable Energy Project #273,Power & Renewable Energy,Assam,180,19,6.3,7.4,17.5,416420000.0,106300000.0,18600000.0,0,6,64.6,37.9,60.5,0,ON_TRACK,0,0
274,Health & Family Welfare Project #274,Health & Family Welfare,Gujarat,900,520,49.4,57.2,51.3,155860000.0,88260000.0,45280000.0,1,10,58.0,66.4,82.6,0,AT_RISK,0,0
275,Urban Development Project #275,Urban Development,Tamil Nadu,180,205,87.3,100.0,90.2,485030000.0,485030000.0,437500000.0,1,10,72.4,83.0,86.0,1,AT_RISK,0,0
276,Railways Project #276,Railways,Bihar,270,173,52.4,70.3,54.7,371880000.0,254250000.0,139070000.0,1,4,53.7,71.2,73.6,0,AT_RISK,0,0
277,Road Transport & Highways Project #277,Road Transport & Highways,Madhya Pradesh,730,575,64.1,90.0,72.1,368150000.0,294440000.0,212290000.0,2,8,41.4,53.3,83.1,0,CRITICAL,1,191
278,Power & Renewable Energy Project #278,Power & Renewable Energy,Uttar Pradesh,540,407,57.8,82.8,69.6,96130000.0,73110000.0,50880000.0,1,5,51.5,77.4,63.4,0,AT_RISK,0,0
279,Urban Development Project #279,Urban Development,Gujarat,540,154,25.5,22.0,28.1,82250000.0,32260000.0,9070000.0,0,6,82.9,65.5,81.8,0,ON_TRACK,1,15
280,Education & Social Infrastructure Project #280,Education & Social Infrastructure,Tamil Nadu,1095,390,29.4,28.9,38.0,68680000.0,33190000.0,12610000.0,1,6,67.8,69.5,93.7,2,AT_RISK,0,0
281,Health & Family Welfare Project #281,Health & Family Welfare,Sikkim,900,243,13.7,20.8,13.5,482320000.0,120170000.0,16220000.0,0,5,69.0,85.6,74.3,0,ON_TRACK,0,0
282,Railways Project #282,Railways,West Bengal,365,72,13.9,15.1,16.2,188420000.0,51990000.0,8420000.0,0,4,92.4,84.9,73.4,0,ON_TRACK,0,0
283,Power & Renewable Energy Project #283,Power & Renewable Energy,West Bengal,540,94,7.0,14.1,14.2,373990000.0,96550000.0,13710000.0,1,6,79.7,64.7,80.9,0,DELAYED,1,87
284,Digital Governance Project #284,Digital Governance,Uttar Pradesh,270,42,0.0,11.3,17.6,124760000.0,31560000.0,5550000.0,1,8,75.8,75.0,27.2,1,AT_RISK,0,0
285,Water Resources Project #285,Water Resources,Meghalaya,540,265,39.7,54.0,37.3,493680000.0,236530000.0,88230000.0,1,5,66.2,52.0,86.7,0,AT_RISK,0,0
286,Education & Social Infrastructure Project #286,Education & Social Infrastructure,Assam,900,112,0.0,12.1,12.6,296690000.0,67440000.0,8500000.0,1,6,58.3,59.5,61.0,0,AT_RISK,0,0
287,Education & Social Infrastructure Project #287,Education & Social Infrastructure,West Bengal,270,149,45.8,58.2,64.2,37000000.0,28890000.0,18550000.0,1,5,34.4,75.0,70.4,0,CRITICAL,1,97
288,Railways Project #288,Railways,Odisha,730,471,62.8,70.0,72.2,167040000.0,145600000.0,105120000.0,1,4,77.4,80.8,74.0,4,AT_RISK,0,0
289,Health & Family Welfare Project #289,Health & Family Welfare,Odisha,365,183,45.0,51.1,47.4,207790000.0,122980000.0,58290000.0,0,4,67.5,93.1,95.8,0,ON_TRACK,0,0
290,Digital Governance Project #290,Digital Governance,Tripura,900,971,85.8,97.9,94.1,285120000.0,285120000.0,268300000.0,1,10,87.4,48.4,60.7,0,AT_RISK,0,0
291,Digital Governance Project #291,Digital Governance,Gujarat,730,291,30.2,36.7,35.8,255100000.0,125520000.0,44940000.0,1,10,64.4,74.4,24.8,0,AT_RISK,0,0
292,Power & Renewable Energy Project #292,Power & Renewable Energy,Manipur,365,187,36.1,52.1,56.4,370410000.0,252020000.0,142140000.0,1,4,62.9,80.1,40.9,0,CRITICAL,1,121
293,Urban Development Project #293,Urban Development,Manipur,180,173,85.7,93.9,99.1,340810000.0,340810000.0,337740000.0,1,5,62.5,85.8,40.6,0,AT_RISK,0,0
294,Road Transport & Highways Project #294,Road Transport & Highways,Assam,365,398,86.5,96.2,85.9,445220000.0,442130000.0,379790000.0,1,6,89.1,61.5,72.1,1,CRITICAL,1,101
295,Power & Renewable Energy Project #295,Power & Renewable Energy,West Bengal,900,998,84.3,98.6,92.5,461800000.0,455080000.0,420950000.0,3,10,76.0,57.9,83.0,2,CRITICAL,1,150
296,Road Transport & Highways Project #296,Road Transport & Highways,Madhya Pradesh,365,204,47.2,57.3,53.9,255180000.0,159420000.0,85930000.0,0,4,87.1,50.2,59.6,1,DELAYED,1,81
297,Railways Project #297,Railways,Karnataka,365,329,87.9,90.7,94.7,93000000.0,93000000.0,88070000.0,0,4,62.8,40.4,85.8,0,ON_TRACK,0,0
298,Power & Renewable Energy Project #298,Power & Renewable Energy,Tripura,540,584,76.3,95.4,78.0,45460000.0,42070000.0,32810000.0,1,6,90.8,77.3,35.9,0,AT_RISK,0,0
299,Railways Project #299,Railways,Madhya Pradesh,540,85,11.2,10.0,8.6,340360000.0,50830000.0,4370000.0,0,6,65.7,71.4,88.1,0,ON_TRACK,0,0
300,Road Transport & Highways Project #300,Road Transport & Highways,Meghalaya,270,237,86.5,93.8,92.2,333120000.0,333120000.0,307140000.0,1,6,91.5,78.3,82.8,1,CRITICAL,1,93
301,Health & Family Welfare Project #301,Health & Family Welfare,Assam,365,390,90.6,95.3,91.5,139170000.0,139170000.0,127340000.0,1,5,86.7,41.7,77.6,2,AT_RISK,0,0
302,Power & Renewable Energy Project #302,Power & Renewable Energy,Uttar Pradesh,180,195,82.4,97.1,80.8,262810000.0,232150000.0,187580000.0,1,4,76.8,56.4,68.6,0,AT_RISK,0,0
303,Urban Development Project #303,Urban Development,Bihar,540,594,75.3,95.5,73.8,367700000.0,294590000.0,217410000.0,3,10,80.3,79.8,68.0,2,CRITICAL,1,205
304,Digital Governance Project #304,Digital Governance,Gujarat,270,30,0.2,7.2,9.8,104920000.0,19160000.0,1880000.0,0,4,90.2,71.9,36.6,0,DELAYED,1,71
305,Urban Development Project #305,Urban Development,Sikkim,1095,1135,78.1,98.2,79.1,83740000.0,74640000.0,59040000.0,1,6,67.7,75.8,64.6,0,CRITICAL,1,143
306,Power & Renewable Energy Project #306,Power & Renewable Energy,Sikkim,730,448,63.0,64.6,58.7,11150000.0,7380000.0,4330000.0,1,10,80.3,76.7,84.2,2,AT_RISK,0,0
307,Water Resources Project #307,Water Resources,Bihar,540,115,7.9,10.4,17.9,445530000.0,104180000.0,18650000.0,1,5,76.5,43.9,92.2,0,AT_RISK,0,0
308,Road Transport & Highways Project #308,Road Transport & Highways,West Bengal,270,283,84.0,94.8,93.0,124660000.0,123220000.0,114590000.0,2,10,63.2,55.4,79.1,3,CRITICAL,1,140
309,Urban Development Project #309,Urban Development,Sikkim,270,288,83.7,100.0,82.8,164270000.0,146150000.0,121010000.0,2,5,67.4,66.9,87.4,2,CRITICAL,1,142
310,Education & Social Infrastructure Project #310,Education & Social Infrastructure,Gujarat,270,231,91.6,90.8,93.4,448100000.0,448100000.0,418530000.0,1,6,62.3,89.5,87.0,2,AT_RISK,0,0
311,Railways Project #311,Railways,Uttar Pradesh,365,192,44.7,52.8,41.2,356690000.0,165900000.0,68350000.0,0,8,58.5,67.5,92.4,0,DELAYED,1,51
312,Road Transport & Highways Project #312,Road Transport & Highways,Odisha,540,492,80.3,95.8,79.5,282030000.0,258920000.0,205840000.0,1,5,69.3,56.7,70.3,1,CRITICAL,1,122
313,Education & Social Infrastructure Project #313,Education & Social Infrastructure,West Bengal,730,639,82.3,89.4,79.0,131310000.0,120900000.0,95510000.0,1,8,57.9,89.3,58.0,3,AT_RISK,0,0
314,Digital Governance Project #314,Digital Governance,Bihar,730,536,67.4,79.2,64.2,330920000.0,238370000.0,153030000.0,1,10,89.3,61.4,90.1,1,CRITICAL,1,117
315,Power & Renewable Energy Project #315,Power & Renewable Energy,Meghalaya,730,539,69.3,80.5,78.1,167260000.0,143210000.0,111850000.0,1,6,76.7,59.3,74.1,0,AT_RISK,0,0
316,Power & Renewable Energy Project #316,Power & Renewable Energy,Manipur,900,189,16.6,14.9,33.1,455770000.0,218420000.0,72300000.0,0,4,80.5,48.9,37.2,0,ON_TRACK,0,0
317,Water Resources Project #317,Water Resources,Tamil Nadu,180,46,10.1,17.2,6.1,103730000.0,15740000.0,960000.0,0,5,67.7,42.8,92.8,1,DELAYED,1,56
318,Railways Project #318,Railways,Rajasthan,365,399,82.2,99.4,91.8,383110000.0,383110000.0,351690000.0,1,8,67.5,80.8,70.6,1,CRITICAL,1,128
319,Road Transport & Highways Project #319,Road Transport & Highways,Nagaland,270,40,8.9,13.3,6.6,73710000.0,10970000.0,720000.0,0,10,89.4,74.4,65.9,0,DELAYED,1,36
320,Railways Project #320,Railways,Odisha,180,172,74.4,96.5,96.2,171400000.0,171400000.0,164890000.0,3,6,68.6,75.4,44.0,4,CRITICAL,1,216
321,Railways Project #321,Railways,Madhya Pradesh,900,512,56.3,63.1,62.8,496650000.0,374390000.0,235120000.0,1,6,51.9,91.3,83.9,1,AT_RISK,0,0
322,Railways Project #322,Railways,Gujarat,540,541,63.3,93.9,73.3,149450000.0,119560000.0,87640000.0,1,4,77.9,62.8,48.9,1,CRITICAL,1,200
323,Urban Development Project #323,Urban Development,Karnataka,540,155,0.0,22.8,20.3,74980000.0,20720000.0,4210000.0,2,10,44.0,75.5,63.4,0,CRITICAL,1,189
324,Health & Family Welfare Project #324,Health & Family Welfare,Uttar Pradesh,730,546,74.2,77.5,83.8,173290000.0,164190000.0,137590000.0,1,6,88.1,72.2,95.0,0,AT_RISK,0,0
325,Water Resources Project #325,Water Resources,Arunachal Pradesh,1095,967,80.5,87.1,80.7,498590000.0,465800000.0,375900000.0,0,6,84.9,84.6,83.7,0,DELAYED,1,41
326,Power & Renewable Energy Project #326,Power & Renewable Energy,Manipur,540,485,80.0,92.1,79.1,111350000.0,100930000.0,79840000.0,1,4,67.3,71.6,74.7,0,CRITICAL,1,110
327,Road Transport & Highways Project #327,Road Transport & Highways,Rajasthan,1460,620,35.3,37.3,51.3,477130000.0,273450000.0,140280000.0,0,6,43.3,64.3,85.9,0,ON_TRACK,0,0
328,Urban Development Project #328,Urban Development,Arunachal Pradesh,270,33,8.8,9.9,8.1,173210000.0,30080000.0,2440000.0,1,4,56.9,68.2,84.4,2,DELAYED,1,51
329,Power & Renewable Energy Project #329,Power & Renewable Energy,Tamil Nadu,540,579,84.0,99.4,84.3,89760000.0,84550000.0,71280000.0,2,10,83.2,80.3,63.6,0,AT_RISK,0,0
330,Education & Social Infrastructure Project #330,Education & Social Infrastructure,Maharashtra,180,101,53.5,60.4,73.6,193090000.0,159260000.0,117220000.0,1,8,63.1,61.2,58.7,0,AT_RISK,0,0
331,Water Resources Project #331,Water Resources,Madhya Pradesh,365,61,6.3,8.0,8.0,95610000.0,14330000.0,1150000.0,1,6,68.9,93.9,41.4,3,AT_RISK,0,0
332,Health & Family Welfare Project #332,Health & Family Welfare,Bihar,365,289,70.8,83.3,75.6,14250000.0,12810000.0,9680000.0,0,4,75.8,76.7,61.9,1,DELAYED,1,84
333,Urban Development Project #333,Urban Development,Tamil Nadu,365,310,66.8,89.0,69.2,17350000.0,13150000.0,9100000.0,2,4,50.2,80.0,65.3,3,AT_RISK,0,0
334,Power & Renewable Energy Project #334,Power & Renewable Energy,Tripura,730,88,11.5,6.3,32.2,218250000.0,87200000.0,28080000.0,0,10,65.7,68.2,59.5,1,ON_TRACK,0,0
335,Road Transport & Highways Project #335,Road Transport & Highways,Meghalaya,365,391,80.5,93.5,78.8,261100000.0,233060000.0,183650000.0,1,6,91.3,70.7,73.6,0,CRITICAL,1,105
336,Railways Project #336,Railways,West Bengal,540,135,15.7,19.0,19.5,240870000.0,72820000.0,14200000.0,2,8,87.0,55.5,80.4,4,CRITICAL,1,97
337,Health & Family Welfare Project #337,Health & Family Welfare,Assam,365,229,59.2,68.3,65.5,117830000.0,87650000.0,57410000.0,0,8,74.5,58.4,63.3,0,ON_TRACK,0,0
338,Urban Development Project #338,Urban Development,West Bengal,365,172,46.0,44.0,48.7,257320000.0,142030000.0,69170000.0,0,6,71.7,86.7,64.4,0,ON_TRACK,0,0
339,Road Transport & Highways Project #339,Road Transport & Highways,Tamil Nadu,730,646,75.2,92.2,70.6,137900000.0,111670000.0,78840000.0,1,10,83.7,76.6,42.2,0,AT_RISK,0,0
340,Urban Development Project #340,Urban Development,Odisha,540,453,76.1,86.9,85.6,259520000.0,251410000.0,215210000.0,1,8,78.8,58.7,82.1,0,DELAYED,1,84
341,Power & Renewable Energy Project #341,Power & Renewable Energy,Tamil Nadu,540,143,17.5,19.5,16.9,52360000.0,15440000.0,2610000.0,0,6,81.1,65.9,55.9,1,ON_TRACK,0,0
342,Digital Governance Project #342,Digital Governance,Arunachal Pradesh,270,47,0.0,11.7,1.2,291010000.0,42880000.0,510000.0,2,10,88.4,63.3,29.7,3,AT_RISK,0,0
343,Digital Governance Project #343,Digital Governance,Mizoram,730,788,89.0,95.5,96.9,311660000.0,311660000.0,302000000.0,2,10,84.9,44.7,88.5,2,AT_RISK,0,0
344,Urban Development Project #344,Urban Development,Gujarat,900,216,17.7,16.8,38.5,490430000.0,237560000.0,91460000.0,0,8,59.8,79.5,39.7,0,ON_TRACK,1,17
345,Health & Family Welfare Project #345,Health & Family Welfare,Assam,180,196,86.7,98.6,88.9,261900000.0,261900000.0,232830000.0,1,4,61.9,79.1,71.0,0,AT_RISK,0,0
346,Power & Renewable Energy Project #346,Power & Renewable Energy,Karnataka,900,883,94.5,94.8,91.2,164050000.0,164050000.0,149610000.0,1,10,88.6,84.5,84.1,4,AT_RISK,0,0
347,Health & Family Welfare Project #347,Health & Family Welfare,Nagaland,1095,392,15.8,26.6,19.2,334150000.0,100640000.0,19320000.0,1,6,76.5,71.2,55.8,0,AT_RISK,0,0
348,Power & Renewable Energy Project #348,Power & Renewable Energy,Tamil Nadu,365,67,20.3,16.2,35.0,133570000.0,56150000.0,19650000.0,1,10,35.1,88.4,65.4,2,AT_RISK,0,0
349,Power & Renewable Energy Project #349,Power & Renewable Energy,Karnataka,270,296,82.5,96.2,89.1,312240000.0,312240000.0,278210000.0,1,6,71.6,51.7,93.6,0,AT_RISK,0,0
350,Urban Development Project #350,Urban Development,Mizoram,365,234,55.4,72.2,79.8,135850000.0,121400000.0,96880000.0,1,6,30.7,78.0,35.8,0,CRITICAL,1,129
351,Power & Renewable Energy Project #351,Power & Renewable Energy,Mizoram,1460,1567,83.4,95.5,92.4,188670000.0,188670000.0,174330000.0,1,4,61.8,80.4,59.8,0,AT_RISK,0,0
352,Water Resources Project #352,Water Resources,Bihar,540,263,42.6,49.7,44.1,44800000.0,24180000.0,10660000.0,1,10,87.1,57.9,60.9,1,AT_RISK,0,0
353,Power & Renewable Energy Project #353,Power & Renewable Energy,Mizoram,730,473,67.3,69.8,70.6,132780000.0,105660000.0,74600000.0,0,4,66.3,62.2,69.9,1,ON_TRACK,0,0
354,Digital Governance Project #354,Digital Governance,Assam,900,769,80.6,92.8,95.5,25370000.0,25370000.0,24230000.0,1,6,75.3,62.2,42.7,0,CRITICAL,1,108
355,Water Resources Project #355,Water Resources,Meghalaya,540,362,70.4,71.3,78.2,94380000.0,81080000.0,63400000.0,1,10,73.0,87.0,83.9,2,AT_RISK,0,0
356,Health & Family Welfare Project #356,Health & Family Welfare,Nagaland,180,163,82.9,94.7,92.7,417560000.0,417560000.0,387080000.0,1,8,76.1,62.4,77.9,0,AT_RISK,0,0
357,Road Transport & Highways Project #357,Road Transport & Highways,Arunachal Pradesh,270,236,73.9,90.6,77.0,456290000.0,412790000.0,317850000.0,2,10,75.2,71.7,50.7,0,AT_RISK,0,0
358,Railways Project #358,Railways,Tripura,365,148,34.6,35.8,31.5,213100000.0,78100000.0,24600000.0,0,6,98.0,72.7,76.2,0,ON_TRACK,0,0
359,Power & Renewable Energy Project #359,Power & Renewable Energy,Rajasthan,900,552,58.0,63.6,63.3,320310000.0,244740000.0,154920000.0,1,6,68.6,82.9,77.0,0,AT_RISK,0,0
360,Water Resources Project #360,Water Resources,Nagaland,270,108,25.1,35.9,43.4,309360000.0,175110000.0,76000000.0,2,5,29.9,68.8,69.0,2,CRITICAL,1,136
361,Water Resources Project #361,Water Resources,Rajasthan,540,379,67.7,80.9,68.7,141660000.0,109330000.0,75110000.0,2,6,66.0,69.6,76.9,2,AT_RISK,0,0
362,Railways Project #362,Railways,Bihar,730,356,51.2,50.8,49.4,320010000.0,205320000.0,101430000.0,0,5,75.5,63.4,84.4,0,ON_TRACK,0,0
363,Urban Development Project #363,Urban Development,Mizoram,540,555,56.3,91.3,60.8,370160000.0,250550000.0,152330000.0,2,6,53.5,31.3,54.7,1,CRITICAL,1,242
364,Digital Governance Project #364,Digital Governance,Gujarat,540,510,58.2,94.3,83.2,125350000.0,119670000.0,99570000.0,3,4,72.7,54.7,48.5,3,CRITICAL,1,266
365,Power & Renewable Energy Project #365,Power & Renewable Energy,Karnataka,365,105,20.5,21.3,18.7,311890000.0,85620000.0,16010000.0,0,10,78.6,73.8,74.2,0,ON_TRACK,0,0
366,Water Resources Project #366,Water Resources,Karnataka,365,354,75.8,93.5,81.5,168370000.0,151010000.0,123070000.0,2,8,87.5,79.6,72.7,4,AT_RISK,0,0
367,Health & Family Welfare Project #367,Health & Family Welfare,Karnataka,270,270,88.3,93.9,96.6,111420000.0,111420000.0,107630000.0,0,10,78.4,96.8,81.0,1,ON_TRACK,0,0
368,Urban Development Project #368,Urban Development,Assam,365,77,5.4,14.3,23.8,282850000.0,107740000.0,25640000.0,0,10,66.2,50.2,33.9,0,ON_TRACK,0,0
369,Education & Social Infrastructure Project #369,Education & Social Infrastructure,Sikkim,180,25,0.0,9.0,7.1,188050000.0,31490000.0,2240000.0,2,8,79.0,57.0,51.3,2,CRITICAL,1,135
370,Road Transport & Highways Project #370,Road Transport & Highways,Meghalaya,180,194,84.5,99.0,80.0,240420000.0,227300000.0,181840000.0,1,4,41.4,93.7,80.9,0,AT_RISK,0,0
371,Railways Project #371,Railways,Gujarat,540,419,77.0,87.8,77.7,175250000.0,157510000.0,122390000.0,1,4,68.1,82.5,74.7,0,DELAYED,1,89
372,Health & Family Welfare Project #372,Health & Family Welfare,Karnataka,540,135,15.2,17.2,10.5,388520000.0,66860000.0,7020000.0,0,5,61.1,96.2,74.5,0,ON_TRACK,0,0
373,Road Transport & Highways Project #373,Road Transport & Highways,Nagaland,730,90,10.4,8.2,19.2,199660000.0,59550000.0,11430000.0,0,6,95.7,77.5,54.7,0,ON_TRACK,0,0
374,Health & Family Welfare Project #374,Health & Family Welfare,West Bengal,180,90,47.4,51.0,52.5,393370000.0,247070000.0,129710000.0,0,10,82.8,91.5,78.5,0,ON_TRACK,0,0
375,Education & Social Infrastructure Project #375,Education & Social Infrastructure,Assam,270,97,24.0,30.3,33.7,88360000.0,37710000.0,12710000.0,1,5,39.3,47.3,60.5,1,AT_RISK,0,0
376,Health & Family Welfare Project #376,Health & Family Welfare,Sikkim,540,238,39.6,40.5,36.3,206410000.0,89520000.0,32500000.0,0,10,96.6,76.6,68.7,0,ON_TRACK,0,0
377,Digital Governance Project #377,Digital Governance,Bihar,900,564,56.3,68.1,75.8,137710000.0,113510000.0,86040000.0,0,8,73.2,53.3,63.6,0,AT_RISK,0,0
378,Road Transport & Highways Project #378,Road Transport & Highways,Arunachal Pradesh,270,156,45.2,62.9,45.4,338460000.0,192330000.0,87320000.0,1,4,71.6,68.4,92.3,1,AT_RISK,0,0
379,Water Resources Project #379,Water Resources,Gujarat,270,166,61.3,65.1,68.2,237780000.0,186840000.0,127420000.0,0,8,73.6,81.2,59.6,0,ON_TRACK,0,0
380,Urban Development Project #380,Urban Development,Mizoram,365,187,46.4,52.6,55.4,394590000.0,246220000.0,136410000.0,0,8,76.7,59.7,76.5,0,ON_TRACK,0,0
381,Road Transport & Highways Project #381,Road Transport & Highways,Mizoram,365,153,27.0,39.3,48.6,242950000.0,154380000.0,75030000.0,1,10,43.5,89.1,46.1,1,AT_RISK,0,0
382,Railways Project #382,Railways,Odisha,365,176,47.0,48.8,42.1,31290000.0,17570000.0,7400000.0,0,5,87.8,73.2,84.0,1,DELAYED,1,38
383,Education & Social Infrastructure Project #383,Education & Social Infrastructure,Tamil Nadu,540,98,0.9,9.1,4.9,53580000.0,5620000.0,280000.0,0,5,76.6,64.7,92.0,0,ON_TRACK,0,0
384,Digital Governance Project #384,Digital Governance,Meghalaya,540,520,90.2,95.2,93.8,117920000.0,117920000.0,110610000.0,2,10,83.8,63.8,93.3,4,CRITICAL,1,96
385,Urban Development Project #385,Urban Development,Odisha,540,574,73.5,98.9,88.6,310900000.0,307540000.0,272480000.0,3,6,60.0,69.8,57.5,2,CRITICAL,1,222
386,Road Transport & Highways Project #386,Road Transport & Highways,Uttar Pradesh,730,311,35.7,39.7,39.2,464770000.0,230070000.0,90190000.0,0,5,74.4,86.4,86.8,0,ON_TRACK,0,0
387,Power & Renewable Energy Project #387,Power & Renewable Energy,Bihar,730,653,77.1,89.1,84.6,475800000.0,456490000.0,386190000.0,1,8,84.5,75.0,70.9,0,AT_RISK,0,0
388,Education & Social Infrastructure Project #388,Education & Social Infrastructure,Sikkim,1095,808,74.8,80.4,80.9,98150000.0,93290000.0,75470000.0,1,6,65.8,76.5,55.0,1,AT_RISK,0,0
389,Education & Social Infrastructure Project #389,Education & Social Infrastructure,Rajasthan,180,139,77.5,85.2,87.3,440140000.0,440140000.0,384240000.0,0,4,74.5,63.3,76.9,0,ON_TRACK,0,0
390,Urban Development Project #390,Urban Development,Bihar,365,331,91.9,92.1,92.0,101990000.0,101990000.0,93830000.0,0,6,85.9,72.4,84.5,0,ON_TRACK,0,0
391,Road Transport & Highways Project #391,Road Transport & Highways,Gujarat,180,128,73.2,76.9,75.7,25710000.0,22320000.0,16900000.0,0,4,52.5,85.4,64.7,1,ON_TRACK,0,0
392,Urban Development Project #392,Urban Development,West Bengal,540,231,28.7,40.8,33.8,320320000.0,139100000.0,47020000.0,1,10,90.0,76.4,33.9,0,CRITICAL,1,114
393,Urban Development Project #393,Urban Development,Rajasthan,365,292,75.0,86.4,71.8,248360000.0,206270000.0,148100000.0,1,8,59.4,85.4,78.4,0,AT_RISK,0,0
394,Education & Social Infrastructure Project #394,Education & Social Infrastructure,Sikkim,180,106,53.2,62.7,60.7,281230000.0,202090000.0,122670000.0,2,8,69.4,86.1,64.5,3,CRITICAL,1,121
395,Digital Governance Project #395,Digital Governance,West Bengal,365,168,21.6,37.8,34.0,426070000.0,203440000.0,69170000.0,1,4,70.6,91.6,31.7,1,CRITICAL,1,130
396,Digital Governance Project #396,Digital Governance,Assam,180,185,84.6,97.9,88.2,454110000.0,454110000.0,400530000.0,2,10,76.7,61.9,68.3,0,CRITICAL,1,139
397,Railways Project #397,Railways,Tamil Nadu,540,465,73.4,89.8,80.3,277590000.0,242720000.0,194900000.0,2,8,77.6,46.4,63.9,2,CRITICAL,1,159
398,Road Transport & Highways Project #398,Road Transport & Highways,Uttar Pradesh,270,250,79.1,90.7,80.1,240830000.0,214530000.0,171840000.0,2,5,70.7,54.5,53.7,2,CRITICAL,1,141
399,Urban Development Project #399,Urban Development,Maharashtra,730,624,77.2,88.2,80.9,183470000.0,172660000.0,139680000.0,2,8,70.6,76.4,65.2,2,AT_RISK,0,0
400,Power & Renewable Energy Project #400,Power & Renewable Energy,Arunachal Pradesh,730,771,88.7,96.2,94.3,103500000.0,103500000.0,97600000.0,0,4,62.0,71.0,64.8,0,DELAYED,1,59
401,Health & Family Welfare Project #401,Health & Family Welfare,Sikkim,180,171,80.7,94.6,79.1,13940000.0,12410000.0,9820000.0,3,8,80.2,34.7,87.0,2,CRITICAL,1,158
402,Health & Family Welfare Project #402,Health & Family Welfare,Manipur,540,233,33.9,42.9,43.5,281920000.0,141890000.0,61720000.0,0,8,75.4,91.0,72.2,0,ON_TRACK,0,0
403,Education & Social Infrastructure Project #403,Education & Social Infrastructure,Tripura,270,172,63.9,70.6,70.1,257610000.0,210150000.0,147320000.0,0,4,88.1,40.5,80.9,0,ON_TRACK,0,0
404,Road Transport & Highways Project #404,Road Transport & Highways,West Bengal,1460,380,5.4,20.4,16.6,304500000.0,75740000.0,12570000.0,1,4,49.0,70.5,61.2,0,CRITICAL,1,115
405,Urban Development Project #405,Urban Development,Bihar,730,361,41.5,50.5,45.7,473070000.0,242130000.0,110650000.0,1,5,51.8,80.0,74.0,0,AT_RISK,0,0
406,Urban Development Project #406,Urban Development,Madhya Pradesh,900,399,19.0,39.6,24.2,236270000.0,90500000.0,21900000.0,1,8,81.7,46.2,47.8,1,CRITICAL,1,161
407,Road Transport & Highways Project #407,Road Transport & Highways,Assam,540,490,83.1,92.4,84.9,261310000.0,253550000.0,215260000.0,1,4,83.0,85.2,34.6,0,AT_RISK,0,0
408,Education & Social Infrastructure Project #408,Education & Social Infrastructure,Madhya Pradesh,365,284,79.2,88.9,85.4,381810000.0,381550000.0,325840000.0,1,8,59.0,85.0,80.5,0,CRITICAL,1,106
409,Water Resources Project #409,Water Resources,West Bengal,180,199,92.5,99.9,93.2,357910000.0,352180000.0,328230000.0,0,5,87.8,83.1,82.2,0,DELAYED,1,77
410,Railways Project #410,Railways,Arunachal Pradesh,540,619,89.0,100.0,89.7,448250000.0,424930000.0,381160000.0,1,8,91.5,50.1,71.2,0,AT_RISK,0,0
411,Railways Project #411,Railways,Odisha,180,187,89.2,95.5,97.9,207840000.0,207840000.0,203480000.0,1,10,89.1,92.9,78.1,1,AT_RISK,0,0
412,Health & Family Welfare Project #412,Health & Family Welfare,Tamil Nadu,365,291,71.9,85.0,67.7,249480000.0,195820000.0,132570000.0,1,10,59.6,70.6,76.9,1,CRITICAL,1,118
413,Power & Renewable Energy Project #413,Power & Renewable Energy,Uttar Pradesh,1095,934,75.4,88.0,78.5,144580000.0,131290000.0,103060000.0,0,5,93.2,73.1,73.9,0,AT_RISK,0,0
414,Road Transport & Highways Project #414,Road Transport & Highways,Rajasthan,365,262,74.0,79.5,72.7,368510000.0,302530000.0,219940000.0,0,5,88.8,69.3,73.6,0,ON_TRACK,0,0
415,Road Transport & Highways Project #415,Road Transport & Highways,Madhya Pradesh,730,259,33.3,29.4,46.8,334470000.0,177140000.0,82900000.0,0,6,67.6,42.5,69.2,0,ON_TRACK,0,0
416,Railways Project #416,Railways,Gujarat,900,319,28.4,32.0,23.8,305900000.0,92540000.0,22020000.0,1,5,77.6,80.5,63.8,0,AT_RISK,0,0
417,Urban Development Project #417,Urban Development,Madhya Pradesh,730,445,56.1,66.6,60.8,99500000.0,72940000.0,44350000.0,1,10,75.1,67.1,90.3,1,DELAYED,1,89
418,Water Resources Project #418,Water Resources,Uttar Pradesh,730,246,27.6,28.2,25.6,479930000.0,170970000.0,43770000.0,0,6,61.1,59.7,89.4,0,ON_TRACK,0,0
419,Urban Development Project #419,Urban Development,Maharashtra,540,185,12.1,29.3,16.2,157470000.0,41880000.0,6780000.0,1,8,31.3,35.0,49.9,1,CRITICAL,1,139
420,Urban Development Project #420,Urban Development,Tripura,730,613,79.0,88.8,77.8,258280000.0,238820000.0,185800000.0,1,10,77.0,84.6,62.5,0,AT_RISK,0,0
421,Digital Governance Project #421,Digital Governance,Meghalaya,365,342,86.8,98.6,89.5,282820000.0,278900000.0,249620000.0,1,4,76.5,95.0,62.9,1,CRITICAL,1,112
422,Railways Project #422,Railways,Gujarat,180,160,76.1,86.6,80.1,261690000.0,240870000.0,192940000.0,0,6,59.5,51.3,87.1,0,AT_RISK,0,0
423,Road Transport & Highways Project #423,Road Transport & Highways,Meghalaya,730,269,20.0,32.3,43.2,85270000.0,42640000.0,18420000.0,1,10,28.5,94.3,41.7,1,AT_RISK,0,0
424,Digital Governance Project #424,Digital Governance,Gujarat,540,357,58.3,71.4,54.1,299800000.0,202910000.0,109770000.0,2,8,98.0,66.6,74.0,4,CRITICAL,1,141
425,Health & Family Welfare Project #425,Health & Family Welfare,Uttar Pradesh,365,159,42.1,43.0,42.4,446810000.0,219200000.0,92940000.0,0,5,72.6,82.3,79.6,0,ON_TRACK,0,0
426,Health & Family Welfare Project #426,Health & Family Welfare,Maharashtra,270,137,44.1,48.8,42.9,402670000.0,195710000.0,83960000.0,0,4,74.6,74.3,71.8,1,DELAYED,1,52
427,Education & Social Infrastructure Project #427,Education & Social Infrastructure,Manipur,900,750,49.6,88.9,55.9,438740000.0,307740000.0,172030000.0,4,8,50.6,71.1,56.7,4,CRITICAL,1,318
428,Water Resources Project #428,Water Resources,Tamil Nadu,900,137,17.9,10.0,26.2,137020000.0,44430000.0,11640000.0,0,4,85.0,61.2,80.8,4,ON_TRACK,0,0
429,Road Transport & Highways Project #429,Road Transport & Highways,Odisha,540,492,78.2,93.2,73.9,329080000.0,266930000.0,197260000.0,1,10,50.5,58.9,95.1,1,CRITICAL,1,120
430,Urban Development Project #430,Urban Development,West Bengal,365,385,84.8,95.6,89.5,476870000.0,476870000.0,426800000.0,2,10,96.4,40.8,88.5,0,CRITICAL,1,116
431,Education & Social Infrastructure Project #431,Education & Social Infrastructure,Rajasthan,730,633,75.3,90.7,84.2,269110000.0,260330000.0,219200000.0,2,10,81.9,56.8,59.8,2,CRITICAL,1,163
432,Power & Renewable Energy Project #432,Power & Renewable Energy,Bihar,730,713,77.7,92.4,79.7,179910000.0,167900000.0,133820000.0,1,4,60.4,62.7,90.2,1,CRITICAL,1,122
433,Power & Renewable Energy Project #433,Power & Renewable Energy,Tamil Nadu,365,355,82.2,95.2,91.4,349800000.0,349800000.0,319720000.0,1,8,53.7,84.5,73.7,1,CRITICAL,1,103
434,Digital Governance Project #434,Digital Governance,Uttar Pradesh,180,154,81.2,92.9,83.5,471160000.0,427680000.0,357110000.0,1,10,75.6,77.3,80.4,0,AT_RISK,0,0
435,Road Transport & Highways Project #435,Road Transport & Highways,Gujarat,900,955,84.6,95.3,93.3,212610000.0,212610000.0,198370000.0,2,10,88.4,64.3,73.5,1,AT_RISK,0,0
436,Health & Family Welfare Project #436,Health & Family Welfare,Tamil Nadu,365,150,18.6,38.9,27.3,301880000.0,126820000.0,34620000.0,1,4,76.5,79.6,31.9,0,AT_RISK,0,0
437,Digital Governance Project #437,Digital Governance,Sikkim,365,401,72.9,97.2,75.7,78000000.0,65290000.0,49420000.0,2,6,82.8,75.1,36.8,1,CRITICAL,1,198
438,Health & Family Welfare Project #438,Health & Family Welfare,Gujarat,365,130,16.3,29.2,21.7,222100000.0,63690000.0,13820000.0,0,5,83.6,48.2,37.8,1,AT_RISK,0,0
439,Urban Development Project #439,Urban Development,Rajasthan,180,198,92.5,98.2,100.0,163730000.0,163730000.0,163730000.0,0,6,64.9,70.3,76.1,0,ON_TRACK,0,0
440,Health & Family Welfare Project #440,Health & Family Welfare,Rajasthan,730,273,31.9,32.9,33.5,422810000.0,188010000.0,62980000.0,0,10,98.0,59.8,68.2,0,ON_TRACK,0,0
441,Road Transport & Highways Project #441,Road Transport & Highways,Mizoram,365,265,73.1,78.8,81.9,467150000.0,417250000.0,341730000.0,0,5,73.0,73.7,52.0,0,ON_TRACK,0,0
442,Power & Renewable Energy Project #442,Power & Renewable Energy,Odisha,365,109,21.5,23.7,21.2,495390000.0,151840000.0,32190000.0,0,8,92.5,75.4,74.5,1,DELAYED,1,46
443,Education & Social Infrastructure Project #443,Education & Social Infrastructure,Madhya Pradesh,900,1007,91.6,100.0,95.3,301330000.0,301330000.0,287170000.0,1,6,64.5,69.7,83.6,1,AT_RISK,0,0
444,Railways Project #444,Railways,Assam,1095,718,66.3,70.9,68.0,247260000.0,201060000.0,136720000.0,0,10,92.5,77.6,50.7,0,ON_TRACK,0,0
445,Digital Governance Project #445,Digital Governance,Tripura,365,353,51.5,92.4,68.6,138610000.0,110960000.0,76120000.0,4,6,36.5,71.7,28.6,3,CRITICAL,1,302
446,Water Resources Project #446,Water Resources,Uttar Pradesh,365,305,53.0,89.0,76.5,153900000.0,131830000.0,100850000.0,2,6,46.1,89.9,37.4,0,CRITICAL,1,241
447,Water Resources Project #447,Water Resources,Assam,270,157,33.0,62.3,53.1,402000000.0,271180000.0,144000000.0,1,5,63.6,85.4,36.4,0,CRITICAL,1,167
448,Digital Governance Project #448,Digital Governance,Meghalaya,730,354,40.4,45.3,39.9,310270000.0,140650000.0,56120000.0,1,8,74.4,90.5,71.6,0,AT_RISK,0,0
449,Road Transport & Highways Project #449,Road Transport & Highways,Sikkim,270,232,76.8,90.8,79.2,59110000.0,54230000.0,42950000.0,1,5,66.5,62.8,75.9,0,AT_RISK,0,0
450,Road Transport & Highways Project #450,Road Transport & Highways,Sikkim,180,188,84.1,92.8,83.1,84030000.0,79920000.0,66410000.0,1,10,82.3,43.3,90.5,0,CRITICAL,1,103
451,Urban Development Project #451,Urban Development,Meghalaya,730,756,80.2,97.5,87.5,44320000.0,44320000.0,38780000.0,1,5,74.5,66.2,69.6,0,CRITICAL,1,115
452,Education & Social Infrastructure Project #452,Education & Social Infrastructure,Gujarat,540,248,44.6,46.0,41.1,182690000.0,91580000.0,37640000.0,0,8,79.3,70.1,56.3,0,ON_TRACK,0,0
453,Road Transport & Highways Project #453,Road Transport & Highways,Maharashtra,365,228,35.8,66.6,50.3,188500000.0,105750000.0,53190000.0,1,5,53.1,80.9,53.0,0,CRITICAL,1,191
454,Power & Renewable Energy Project #454,Power & Renewable Energy,Arunachal Pradesh,180,155,70.3,92.1,86.2,475250000.0,475250000.0,409670000.0,1,4,37.5,62.8,79.4,0,CRITICAL,1,163
455,Road Transport & Highways Project #455,Road Transport & Highways,Rajasthan,540,271,27.7,52.0,50.3,404570000.0,234830000.0,118120000.0,2,8,36.6,65.3,64.5,1,CRITICAL,1,194
456,Health & Family Welfare Project #456,Health & Family Welfare,West Bengal,365,413,74.7,96.9,80.9,221540000.0,204350000.0,165320000.0,1,4,74.4,30.4,67.5,1,CRITICAL,1,166
457,Power & Renewable Energy Project #457,Power & Renewable Energy,West Bengal,540,506,79.0,92.5,90.2,381940000.0,366200000.0,330310000.0,1,5,45.7,73.8,68.3,1,CRITICAL,1,110
458,Road Transport & Highways Project #458,Road Transport & Highways,Manipur,365,417,76.1,97.0,99.5,90720000.0,90720000.0,90270000.0,1,5,34.2,59.6,69.0,0,CRITICAL,1,145
459,Railways Project #459,Railways,Rajasthan,730,639,51.1,91.1,70.9,209590000.0,170910000.0,121180000.0,3,6,83.8,30.7,54.4,3,CRITICAL,1,292
460,Water Resources Project #460,Water Resources,Assam,180,170,84.7,93.6,90.5,64440000.0,63110000.0,57110000.0,0,8,71.3,92.4,76.1,0,ON_TRACK,0,0
461,Railways Project #461,Railways,Meghalaya,540,252,25.0,43.6,43.3,121480000.0,59910000.0,25940000.0,2,8,74.9,79.1,42.9,4,AT_RISK,0,0
462,Urban Development Project #462,Urban Development,Nagaland,900,954,86.4,97.3,82.8,247330000.0,219400000.0,181660000.0,1,6,65.9,83.5,88.4,0,CRITICAL,1,114
463,Power & Renewable Energy Project #463,Power & Renewable Energy,Sikkim,270,54,11.7,12.5,13.0,313150000.0,70260000.0,9130000.0,0,4,75.3,56.5,82.5,0,ON_TRACK,1,25
464,Education & Social Infrastructure Project #464,Education & Social Infrastructure,Mizoram,730,403,58.6,57.0,63.9,420490000.0,319480000.0,204150000.0,0,5,63.8,85.8,95.3,0,ON_TRACK,0,0
465,Road Transport & Highways Project #465,Road Transport & Highways,Sikkim,540,462,80.7,92.3,93.5,337160000.0,332990000.0,311350000.0,1,6,67.5,53.6,61.3,0,AT_RISK,0,0
466,Railways Project #466,Railways,Assam,365,326,85.6,93.5,92.7,88370000.0,88370000.0,81920000.0,2,5,65.5,83.9,87.1,4,AT_RISK,0,0
467,Health & Family Welfare Project #467,Health & Family Welfare,Maharashtra,730,463,32.2,65.9,33.9,214780000.0,88830000.0,30110000.0,3,4,53.9,50.1,70.7,4,CRITICAL,1,267
468,Digital Governance Project #468,Digital Governance,Gujarat,365,293,75.5,86.2,83.4,179180000.0,164490000.0,137180000.0,0,4,83.9,44.7,66.2,1,AT_RISK,0,0
469,Education & Social Infrastructure Project #469,Education & Social Infrastructure,Gujarat,365,411,82.9,96.4,83.1,232390000.0,218560000.0,181620000.0,1,6,87.4,44.9,74.5,1,CRITICAL,1,114
470,Power & Renewable Energy Project #470,Power & Renewable Energy,Bihar,1460,1173,78.3,90.6,80.4,327760000.0,280830000.0,225790000.0,1,4,74.2,74.7,58.7,0,AT_RISK,0,0
471,Road Transport & Highways Project #471,Road Transport & Highways,Arunachal Pradesh,365,223,53.5,66.9,62.6,188880000.0,144290000.0,90330000.0,1,4,67.1,73.8,51.1,1,AT_RISK,0,0
472,Water Resources Project #472,Water Resources,Odisha,180,132,49.4,78.3,64.1,162480000.0,119580000.0,76650000.0,4,10,70.3,54.8,65.8,3,CRITICAL,1,250
473,Railways Project #473,Railways,Bihar,365,340,74.1,93.7,74.0,46880000.0,37380000.0,27660000.0,1,5,91.2,75.7,75.2,0,CRITICAL,1,135
474,Road Transport & Highways Project #474,Road Transport & Highways,Karnataka,365,68,7.6,9.8,14.3,390310000.0,96210000.0,13760000.0,0,4,77.0,77.2,58.6,1,ON_TRACK,0,0
475,Health & Family Welfare Project #475,Health & Family Welfare,Rajasthan,1095,453,35.9,36.6,34.1,367030000.0,167210000.0,57020000.0,0,8,68.6,78.2,56.8,1,ON_TRACK,0,0
476,Power & Renewable Energy Project #476,Power & Renewable Energy,Maharashtra,730,332,35.4,45.0,37.4,494700000.0,253720000.0,94890000.0,1,4,57.8,87.9,73.3,0,AT_RISK,0,0
477,Water Resources Project #477,Water Resources,Manipur,730,747,88.7,95.2,85.6,54790000.0,50620000.0,43330000.0,1,6,79.8,58.2,77.6,0,DELAYED,1,71
478,Education & Social Infrastructure Project #478,Education & Social Infrastructure,Meghalaya,730,188,6.4,16.4,13.0,81190000.0,18380000.0,2390000.0,2,6,84.7,51.8,78.7,2,CRITICAL,1,127
479,Education & Social Infrastructure Project #479,Education & Social Infrastructure,Uttar Pradesh,540,140,27.3,18.2,25.4,380300000.0,132780000.0,33730000.0,0,8,94.1,81.7,51.9,0,ON_TRACK,0,0
480,Road Transport & Highways Project #480,Road Transport & Highways,Bihar,270,236,68.4,89.8,82.5,142350000.0,130140000.0,107370000.0,2,8,58.8,30.0,44.2,0,CRITICAL,1,160
481,Urban Development Project #481,Urban Development,Meghalaya,540,496,75.7,92.8,87.8,172530000.0,163240000.0,143320000.0,2,10,73.5,56.8,27.6,3,AT_RISK,0,0
482,Railways Project #482,Railways,Mizoram,900,309,21.2,28.3,27.6,495150000.0,199930000.0,55180000.0,0,5,62.3,96.9,75.4,0,DELAYED,1,47
483,Power & Renewable Energy Project #483,Power & Renewable Energy,Odisha,540,454,83.1,86.2,81.5,398520000.0,376780000.0,307080000.0,0,8,90.2,78.7,84.7,0,ON_TRACK,0,0
484,Railways Project #484,Railways,Gujarat,365,276,74.7,82.4,84.5,393650000.0,355130000.0,300080000.0,1,10,91.3,85.9,85.1,0,AT_RISK,0,0
485,Power & Renewable Energy Project #485,Power & Renewable Energy,Assam,180,177,82.5,92.6,88.3,135060000.0,127220000.0,112340000.0,1,6,84.9,76.9,77.8,1,AT_RISK,0,0
486,Health & Family Welfare Project #486,Health & Family Welfare,Arunachal Pradesh,365,75,16.8,17.8,15.5,342310000.0,101060000.0,15660000.0,1,8,79.6,71.7,66.0,2,AT_RISK,0,0
487,Health & Family Welfare Project #487,Health & Family Welfare,Nagaland,900,213,4.4,18.3,6.2,320930000.0,57910000.0,3590000.0,2,6,84.3,63.9,43.5,3,AT_RISK,0,0
488,Urban Development Project #488,Urban Development,Manipur,540,275,41.0,51.8,50.0,390890000.0,220930000.0,110460000.0,1,6,68.4,85.9,57.4,1,CRITICAL,1,93
489,Road Transport & Highways Project #489,Road Transport & Highways,Maharashtra,1460,946,65.5,71.4,68.9,146460000.0,109630000.0,75540000.0,0,10,71.1,78.1,88.7,0,DELAYED,1,62
490,Water Resources Project #490,Water Resources,Sikkim,730,508,71.9,78.0,68.5,432530000.0,324800000.0,222490000.0,1,4,52.1,72.3,88.9,3,DELAYED,1,84
491,Education & Social Infrastructure Project #491,Education & Social Infrastructure,Arunachal Pradesh,365,367,90.4,97.9,100.0,284340000.0,284340000.0,284340000.0,1,8,83.7,67.7,77.5,0,AT_RISK,0,0
492,Health & Family Welfare Project #492,Health & Family Welfare,Madhya Pradesh,730,790,73.2,97.0,76.3,65220000.0,53500000.0,40820000.0,1,4,48.3,68.9,71.8,1,CRITICAL,1,145
493,Power & Renewable Energy Project #493,Power & Renewable Energy,Uttar Pradesh,270,32,14.8,9.2,24.0,277170000.0,94690000.0,22730000.0,0,8,72.0,61.1,50.1,0,ON_TRACK,0,0
494,Education & Social Infrastructure Project #494,Education & Social Infrastructure,Tamil Nadu,730,687,77.1,94.1,74.5,413260000.0,352780000.0,262820000.0,2,6,70.7,92.3,44.7,4,CRITICAL,1,150
495,Urban Development Project #495,Urban Development,Gujarat,270,234,75.0,87.8,72.9,377500000.0,304470000.0,221960000.0,1,6,51.5,87.5,73.0,0,AT_RISK,0,0
496,Urban Development Project #496,Urban Development,Assam,180,149,70.9,92.8,74.5,309500000.0,274940000.0,204830000.0,1,8,57.7,73.0,40.6,0,CRITICAL,1,139
497,Power & Renewable Energy Project #497,Power & Renewable Energy,Arunachal Pradesh,540,110,26.7,12.2,39.0,403180000.0,204430000.0,79730000.0,0,4,34.6,76.5,70.9,0,ON_TRACK,0,0
498,Education & Social Infrastructure Project #498,Education & Social Infrastructure,Arunachal Pradesh,365,343,69.6,90.2,78.9,46920000.0,43860000.0,34610000.0,2,10,37.0,47.1,62.5,1,CRITICAL,1,176
499,Education & Social Infrastructure Project #499,Education & Social Infrastructure,Meghalaya,365,325,65.7,91.9,78.0,438260000.0,402640000.0,314060000.0,3,5,56.2,60.8,77.3,4,CRITICAL,1,210
500,Health & Family Welfare Project #500,Health & Family Welfare,Tamil Nadu,270,284,84.5,95.9,89.7,326350000.0,326350000.0,292740000.0,2,10,80.0,84.9,39.3,0,AT_RISK,0,0
501,Education & Social Infrastructure Project #501,Education & Social Infrastructure,Odisha,365,205,52.1,59.2,52.6,380280000.0,229130000.0,120520000.0,0,4,82.8,52.1,53.5,0,ON_TRACK,0,0
502,Railways Project #502,Railways,Madhya Pradesh,900,170,12.9,11.0,11.5,256600000.0,66110000.0,7600000.0,0,8,82.4,57.7,88.1,0,ON_TRACK,0,0
503,Digital Governance Project #503,Digital Governance,Arunachal Pradesh,270,206,82.1,85.7,78.8,461070000.0,429480000.0,338430000.0,1,6,74.5,78.8,79.6,2,AT_RISK,0,0
504,Power & Renewable Energy Project #504,Power & Renewable Energy,Mizoram,365,53,0.0,11.0,24.4,295240000.0,112390000.0,27420000.0,2,6,64.0,53.8,72.7,2,CRITICAL,1,132
505,Urban Development Project #505,Urban Development,Odisha,365,375,90.4,98.1,88.5,456780000.0,435080000.0,385050000.0,0,4,83.7,87.4,78.7,0,ON_TRACK,0,0
506,Railways Project #506,Railways,Rajasthan,270,288,74.7,97.2,76.9,196970000.0,171300000.0,131730000.0,4,10,40.1,61.7,39.8,4,CRITICAL,1,241
507,Digital Governance Project #507,Digital Governance,Gujarat,1095,828,65.2,80.9,61.8,454300000.0,348800000.0,215560000.0,0,4,62.8,72.3,70.9,0,CRITICAL,1,115
508,Water Resources Project #508,Water Resources,Tripura,365,200,45.3,56.2,68.1,255770000.0,196220000.0,133630000.0,1,8,68.3,50.5,67.6,3,CRITICAL,1,104
509,Education & Social Infrastructure Project #509,Education & Social Infrastructure,Odisha,365,292,76.6,84.2,85.3,78730000.0,75330000.0,64260000.0,0,6,88.8,69.8,84.7,1,DELAYED,1,55
510,Water Resources Project #510,Water Resources,Tamil Nadu,365,108,19.4,22.4,27.1,125460000.0,52010000.0,14090000.0,0,6,78.1,45.0,82.8,0,ON_TRACK,0,0
511,Health & Family Welfare Project #511,Health & Family Welfare,Tamil Nadu,540,370,48.0,72.5,52.7,463990000.0,269220000.0,141880000.0,3,5,45.1,62.3,83.6,2,CRITICAL,1,202
512,Health & Family Welfare Project #512,Health & Family Welfare,Meghalaya,730,606,76.9,88.9,81.6,143250000.0,129560000.0,105720000.0,1,8,72.8,81.3,66.5,1,AT_RISK,0,0
513,Road Transport & Highways Project #513,Road Transport & Highways,Rajasthan,270,226,61.0,85.5,65.7,375920000.0,278010000.0,182650000.0,1,5,64.8,72.2,31.5,0,CRITICAL,1,166
514,Urban Development Project #514,Urban Development,Tripura,180,157,78.3,90.1,87.7,440740000.0,426390000.0,373940000.0,0,6,81.4,80.6,42.6,1,AT_RISK,0,0
515,Railways Project #515,Railways,Gujarat,1095,1056,76.0,91.1,78.0,19820000.0,16730000.0,13050000.0,1,8,64.6,67.0,83.0,0,CRITICAL,1,109
516,Power & Renewable Energy Project #516,Power & Renewable Energy,Assam,540,112,9.1,15.8,30.7,214170000.0,92390000.0,28360000.0,1,10,88.9,63.7,39.3,0,AT_RISK,0,0
517,Health & Family Welfare Project #517,Health & Family Welfare,Nagaland,365,183,9.4,46.3,31.2,25760000.0,11630000.0,3630000.0,4,10,44.7,47.4,37.4,0,CRITICAL,1,276
518,Digital Governance Project #518,Digital Governance,Madhya Pradesh,540,358,64.8,71.5,73.0,353380000.0,298810000.0,218130000.0,1,5,55.7,93.8,58.2,0,DELAYED,1,77
519,Health & Family Welfare Project #519,Health & Family Welfare,Assam,1095,941,82.0,89.0,86.6,395970000.0,390420000.0,338100000.0,2,10,79.4,94.1,63.3,3,AT_RISK,0,0
520,Railways Project #520,Railways,Nagaland,900,803,76.0,91.0,76.7,376400000.0,341880000.0,262220000.0,1,10,64.9,56.5,86.3,0,AT_RISK,0,0
521,Education & Social Infrastructure Project #521,Education & Social Infrastructure,Maharashtra,730,569,75.2,89.0,71.0,157180000.0,127740000.0,90700000.0,0,6,65.9,84.4,86.4,0,AT_RISK,0,0
522,Power & Renewable Energy Project #522,Power & Renewable Energy,Sikkim,365,229,56.0,68.7,57.7,334170000.0,232530000.0,134170000.0,2,4,62.7,87.2,61.0,3,CRITICAL,1,131
523,Health & Family Welfare Project #523,Health & Family Welfare,Gujarat,730,783,84.9,94.8,87.5,70850000.0,70850000.0,61990000.0,1,4,77.4,77.6,64.9,0,DELAYED,1,89
524,Education & Social Infrastructure Project #524,Education & Social Infrastructure,Karnataka,365,86,15.2,17.4,22.7,159050000.0,51520000.0,11700000.0,1,5,85.6,91.9,79.1,2,DELAYED,1,77
525,Road Transport & Highways Project #525,Road Transport & Highways,Bihar,730,173,12.0,15.5,32.4,477410000.0,189550000.0,61410000.0,0,8,62.2,62.3,50.8,0,ON_TRACK,0,0
526,Power & Renewable Energy Project #526,Power & Renewable Energy,Karnataka,180,194,66.7,100.0,78.1,211340000.0,187350000.0,146320000.0,4,8,85.4,69.2,36.3,2,CRITICAL,1,262
527,Water Resources Project #527,Water Resources,Arunachal Pradesh,540,118,19.1,16.6,24.2,308560000.0,91590000.0,22160000.0,0,8,84.6,58.8,81.2,2,ON_TRACK,0,0
528,Health & Family Welfare Project #528,Health & Family Welfare,Uttar Pradesh,270,67,15.7,20.6,14.3,10690000.0,2660000.0,380000.0,0,4,84.2,60.9,64.2,0,ON_TRACK,0,0
529,Digital Governance Project #529,Digital Governance,Karnataka,365,363,88.6,98.9,85.5,314930000.0,286770000.0,245190000.0,2,6,74.6,66.7,75.1,3,CRITICAL,1,139
530,Digital Governance Project #530,Digital Governance,Meghalaya,730,465,57.5,72.0,54.4,473540000.0,314990000.0,171350000.0,2,4,59.5,56.0,85.1,3,CRITICAL,1,146
531,Digital Governance Project #531,Digital Governance,Meghalaya,540,194,22.6,28.6,20.8,176710000.0,51210000.0,10650000.0,1,6,65.6,67.9,74.1,0,DELAYED,1,69
532,Railways Project #532,Railways,Madhya Pradesh,365,88,23.8,18.5,30.3,165920000.0,60990000.0,18480000.0,0,5,65.5,90.4,78.1,0,ON_TRACK,0,0
533,Road Transport & Highways Project #533,Road Transport & Highways,Karnataka,540,518,81.8,95.6,87.3,111630000.0,111630000.0,97450000.0,1,5,82.9,76.2,66.0,0,CRITICAL,1,107
534,Health & Family Welfare Project #534,Health & Family Welfare,Karnataka,365,350,81.9,93.4,88.7,455160000.0,447630000.0,397050000.0,1,6,52.1,76.5,66.5,0,CRITICAL,1,107
535,Health & Family Welfare Project #535,Health & Family Welfare,Mizoram,540,424,77.0,79.6,86.4,417450000.0,400900000.0,346380000.0,1,4,72.8,53.1,94.5,4,DELAYED,1,81
536,Education & Social Infrastructure Project #536,Education & Social Infrastructure,West Bengal,365,46,8.2,6.9,16.9,418120000.0,102180000.0,17270000.0,0,10,71.7,72.9,55.2,0,ON_TRACK,0,0
537,Railways Project #537,Railways,Odisha,180,78,38.2,41.6,35.4,233470000.0,95220000.0,33710000.0,0,8,45.2,85.9,73.2,1,ON_TRACK,0,0
538,Railways Project #538,Railways,West Bengal,540,464,90.3,91.5,86.0,357850000.0,346480000.0,297970000.0,0,10,69.3,80.2,85.1,0,ON_TRACK,0,0
539,Power & Renewable Energy Project #539,Power & Renewable Energy,West Bengal,540,477,77.3,91.2,75.1,342740000.0,300700000.0,225830000.0,1,4,67.1,57.3,71.0,0,AT_RISK,0,0
540,Urban Development Project #540,Urban Development,Nagaland,365,72,9.8,14.4,5.3,386920000.0,67820000.0,3590000.0,1,8,77.2,87.0,83.9,3,AT_RISK,0,0
541,Health & Family Welfare Project #541,Health & Family Welfare,Nagaland,540,169,21.7,27.7,29.6,217930000.0,95360000.0,28230000.0,0,5,81.9,57.1,85.5,0,DELAYED,1,47
542,Digital Governance Project #542,Digital Governance,Tripura,540,330,41.3,69.0,41.7,41540000.0,19810000.0,8260000.0,2,6,57.6,60.6,69.4,1,CRITICAL,1,187
543,Health & Family Welfare Project #543,Health & Family Welfare,Karnataka,365,264,59.1,79.1,62.5,237990000.0,176270000.0,110170000.0,1,5,95.2,71.7,31.6,0,AT_RISK,0,0
544,Railways Project #544,Railways,Gujarat,900,514,55.9,62.4,71.7,226610000.0,188060000.0,134840000.0,1,6,76.2,74.0,45.2,0,DELAYED,1,71
545,Power & Renewable Energy Project #545,Power & Renewable Energy,Arunachal Pradesh,730,288,32.3,34.8,31.9,393660000.0,156940000.0,50060000.0,0,10,86.9,78.2,40.3,0,ON_TRACK,0,0
546,Railways Project #546,Railways,Bihar,270,112,20.7,32.1,19.4,381880000.0,97690000.0,18950000.0,1,8,70.3,88.2,58.1,1,AT_RISK,0,0
547,Power & Renewable Energy Project #547,Power & Renewable Energy,Gujarat,540,181,25.7,27.5,30.7,353080000.0,149840000.0,46000000.0,1,10,76.1,69.5,63.6,2,AT_RISK,0,0
548,Road Transport & Highways Project #548,Road Transport & Highways,Gujarat,540,322,63.6,66.0,63.8,285330000.0,208670000.0,133130000.0,0,6,82.4,92.6,71.7,0,ON_TRACK,0,0
549,Power & Renewable Energy Project #549,Power & Renewable Energy,Madhya Pradesh,900,107,4.7,8.5,3.5,140570000.0,17630000.0,620000.0,2,10,85.9,49.5,81.7,4,DELAYED,1,79
550,Urban Development Project #550,Urban Development,Arunachal Pradesh,900,935,77.2,93.7,92.1,164390000.0,164390000.0,151400000.0,1,4,59.8,59.2,56.4,1,AT_RISK,0,0
551,Digital Governance Project #551,Digital Governance,Mizoram,365,231,62.3,65.4,69.6,458840000.0,355960000.0,247750000.0,1,8,81.8,44.8,85.3,2,DELAYED,1,78
552,Road Transport & Highways Project #552,Road Transport & Highways,Sikkim,270,282,96.5,96.2,100.0,131180000.0,131180000.0,131180000.0,0,8,80.4,85.0,50.9,1,ON_TRACK,0,0
553,Road Transport & Highways Project #553,Road Transport & Highways,Uttar Pradesh,540,308,55.7,61.4,52.0,98850000.0,61050000.0,31750000.0,0,10,65.3,68.3,85.4,1,ON_TRACK,0,0
554,Urban Development Project #554,Urban Development,Manipur,540,556,81.9,94.0,85.8,274090000.0,267050000.0,229130000.0,2,8,73.0,83.3,71.6,2,CRITICAL,1,123
555,Education & Social Infrastructure Project #555,Education & Social Infrastructure,Tripura,1095,774,66.9,79.4,68.8,236790000.0,198180000.0,136350000.0,1,6,58.4,55.5,61.4,0,AT_RISK,0,0
556,Water Resources Project #556,Water Resources,Nagaland,730,655,72.2,92.4,81.4,158990000.0,137500000.0,111930000.0,2,8,77.8,40.4,41.0,2,CRITICAL,1,169
557,Urban Development Project #557,Urban Development,Odisha,900,119,12.4,12.1,16.8,369710000.0,103550000.0,17400000.0,0,6,78.6,49.0,65.2,1,ON_TRACK,0,0
558,Road Transport & Highways Project #558,Road Transport & Highways,Rajasthan,365,225,30.6,64.1,40.4,403840000.0,219140000.0,88530000.0,3,8,53.5,55.6,56.4,0,CRITICAL,1,265
559,Water Resources Project #559,Water Resources,Nagaland,1460,1410,80.9,92.4,85.3,461940000.0,418780000.0,357220000.0,1,4,86.8,63.9,55.7,0,AT_RISK,0,0
560,Digital Governance Project #560,Digital Governance,Maharashtra,540,346,61.1,70.6,58.9,184180000.0,122030000.0,71880000.0,1,5,64.4,75.3,80.5,1,CRITICAL,1,103
561,Water Resources Project #561,Water Resources,Mizoram,365,209,50.0,59.9,47.6,252510000.0,144720000.0,68890000.0,1,10,72.3,63.2,77.3,0,AT_RISK,0,0
562,Water Resources Project #562,Water Resources,Nagaland,365,180,44.1,46.2,44.1,460580000.0,256250000.0,113010000.0,0,5,62.0,84.1,86.0,1,ON_TRACK,0,0
563,Water Resources Project #563,Water Resources,Mizoram,540,375,65.3,73.8,76.6,83050000.0,75950000.0,58180000.0,0,4,42.8,79.1,56.2,0,ON_TRACK,0,0
564,Health & Family Welfare Project #564,Health & Family Welfare,Assam,270,293,85.3,96.9,81.6,369590000.0,356830000.0,291170000.0,2,5,79.3,64.3,65.8,2,AT_RISK,0,0
565,Urban Development Project #565,Urban Development,Tripura,540,174,31.1,23.1,38.7,117630000.0,55540000.0,21490000.0,0,6,83.3,63.6,81.7,0,ON_TRACK,0,0
566,Water Resources Project #566,Water Resources,Manipur,900,385,44.6,42.8,43.3,433210000.0,222840000.0,96490000.0,0,8,95.2,54.6,62.2,0,ON_TRACK,0,0
567,Digital Governance Project #567,Digital Governance,Meghalaya,365,374,100.0,95.9,100.0,143270000.0,143270000.0,143270000.0,0,5,86.3,93.3,85.8,0,ON_TRACK,0,0
568,Urban Development Project #568,Urban Development,Assam,540,421,62.5,84.2,82.2,92370000.0,83740000.0,68830000.0,2,8,39.4,69.3,59.7,0,CRITICAL,1,185
569,Education & Social Infrastructure Project #569,Education & Social Infrastructure,Rajasthan,270,255,87.6,91.3,88.7,35770000.0,35490000.0,31480000.0,0,10,80.3,93.2,29.7,0,ON_TRACK,0,0
570,Digital Governance Project #570,Digital Governance,Rajasthan,365,61,6.7,12.4,19.8,102190000.0,26390000.0,5230000.0,2,5,53.4,90.4,22.6,2,AT_RISK,0,0
571,Water Resources Project #571,Water Resources,Karnataka,730,400,54.7,56.8,50.1,289620000.0,185190000.0,92780000.0,0,6,77.7,52.8,69.8,1,ON_TRACK,0,0
572,Water Resources Project #572,Water Resources,Sikkim,540,367,65.1,74.3,65.9,472050000.0,376690000.0,248240000.0,0,4,77.3,75.2,53.7,0,DELAYED,1,84
573,Urban Development Project #573,Urban Development,Uttar Pradesh,365,277,63.4,80.4,67.3,227210000.0,174420000.0,117380000.0,1,5,86.9,63.6,62.9,0,CRITICAL,1,130
574,Power & Renewable Energy Project #574,Power & Renewable Energy,Odisha,365,143,21.7,32.3,21.8,119840000.0,36420000.0,7940000.0,1,8,55.9,92.2,65.3,0,CRITICAL,1,97
575,Road Transport & Highways Project #575,Road Transport & Highways,Madhya Pradesh,365,119,17.9,24.7,17.2,124060000.0,39000000.0,6710000.0,0,4,85.4,80.3,91.2,0,ON_TRACK,0,0
576,Urban Development Project #576,Urban Development,Manipur,540,195,26.5,31.3,22.6,246060000.0,89950000.0,20330000.0,1,8,90.1,85.0,78.7,1,AT_RISK,0,0
577,Railways Project #577,Railways,Madhya Pradesh,180,97,43.2,55.6,46.2,392580000.0,215280000.0,99460000.0,2,10,62.1,48.1,69.4,0,CRITICAL,1,139
578,Health & Family Welfare Project #578,Health & Family Welfare,Tamil Nadu,540,91,7.6,12.9,16.5,128140000.0,30400000.0,5020000.0,1,4,69.8,62.3,50.0,1,AT_RISK,0,0
579,Digital Governance Project #579,Digital Governance,Assam,180,101,21.6,55.4,24.2,198580000.0,73400000.0,17760000.0,3,6,62.4,71.6,56.4,2,CRITICAL,1,251
580,Water Resources Project #580,Water Resources,Assam,900,804,70.6,89.7,92.8,284620000.0,284620000.0,264130000.0,1,6,70.1,30.3,80.5,0,CRITICAL,1,129
581,Health & Family Welfare Project #581,Health & Family Welfare,Assam,730,571,70.9,82.2,76.5,104450000.0,92320000.0,70620000.0,1,10,73.6,45.8,88.4,0,CRITICAL,1,118
582,Railways Project #582,Railways,Arunachal Pradesh,540,232,22.1,41.3,38.7,385320000.0,185870000.0,71930000.0,1,8,61.5,64.6,68.8,0,AT_RISK,0,0
583,Water Resources Project #583,Water Resources,Rajasthan,730,205,12.4,21.1,17.6,182240000.0,45280000.0,7970000.0,1,8,72.1,89.6,52.1,0,CRITICAL,1,106
584,Road Transport & Highways Project #584,Road Transport & Highways,Nagaland,900,630,75.5,76.7,99.4,429740000.0,429740000.0,427160000.0,1,6,77.1,80.8,28.1,3,AT_RISK,0,0
585,Water Resources Project #585,Water Resources,Tripura,540,545,70.4,99.0,83.2,308660000.0,278140000.0,231410000.0,1,4,41.8,63.0,70.1,0,CRITICAL,1,197
586,Education & Social Infrastructure Project #586,Education & Social Infrastructure,Sikkim,730,642,64.7,92.6,66.2,193030000.0,138940000.0,91980000.0,1,4,53.4,64.6,48.9,0,AT_RISK,0,0
587,Road Transport & Highways Project #587,Road Transport & Highways,Odisha,540,297,51.6,54.6,53.8,404560000.0,270450000.0,145500000.0,1,5,71.5,63.2,79.9,4,AT_RISK,0,0
588,Digital Governance Project #588,Digital Governance,Karnataka,730,504,59.1,73.4,65.9,446870000.0,341990000.0,225370000.0,2,10,93.1,59.9,65.7,2,CRITICAL,1,143
589,Digital Governance Project #589,Digital Governance,Mizoram,180,95,46.1,53.0,50.7,208880000.0,136640000.0,69280000.0,2,5,82.6,85.0,76.6,2,CRITICAL,1,93
590,Digital Governance Project #590,Digital Governance,Rajasthan,365,354,81.7,95.8,88.8,137810000.0,137810000.0,122380000.0,1,8,75.3,61.0,65.8,0,CRITICAL,1,117
591,Education & Social Infrastructure Project #591,Education & Social Infrastructure,Madhya Pradesh,730,564,74.4,84.7,74.8,378630000.0,316350000.0,236630000.0,0,4,53.4,78.4,90.2,1,AT_RISK,0,0
592,Education & Social Infrastructure Project #592,Education & Social Infrastructure,Mizoram,365,405,85.4,97.3,86.3,494880000.0,475520000.0,410370000.0,1,4,67.8,74.0,72.6,1,AT_RISK,0,0
593,Water Resources Project #593,Water Resources,Uttar Pradesh,270,182,40.8,72.3,50.0,114440000.0,73070000.0,36540000.0,1,4,42.1,79.9,63.7,1,CRITICAL,1,199
594,Road Transport & Highways Project #594,Road Transport & Highways,Odisha,1460,894,66.6,69.6,70.9,15950000.0,12890000.0,9140000.0,0,10,80.4,68.1,77.6,0,DELAYED,1,47
595,Health & Family Welfare Project #595,Health & Family Welfare,Arunachal Pradesh,540,175,24.8,26.3,24.0,420190000.0,148920000.0,35740000.0,1,4,66.3,81.3,76.0,2,AT_RISK,0,0
596,Water Resources Project #596,Water Resources,Gujarat,730,226,18.2,23.5,23.5,315190000.0,94650000.0,22240000.0,0,6,90.0,93.9,82.6,0,ON_TRACK,0,0
597,Education & Social Infrastructure Project #597,Education & Social Infrastructure,Assam,365,364,85.4,95.4,89.7,90220000.0,86130000.0,77260000.0,1,8,65.0,57.1,72.4,0,AT_RISK,0,0
598,Digital Governance Project #598,Digital Governance,Rajasthan,540,609,60.9,100.0,73.4,105140000.0,87450000.0,64190000.0,3,4,76.7,32.4,63.9,4,CRITICAL,1,269
599,Water Resources Project #599,Water Resources,Mizoram,730,662,71.6,93.5,88.4,249510000.0,235270000.0,207980000.0,1,5,52.1,68.8,65.9,0,CRITICAL,1,159
600,Railways Project #600,Railways,Manipur,730,727,81.7,94.7,86.6,423720000.0,420580000.0,364220000.0,2,4,86.1,64.8,53.3,3,CRITICAL,1,146
601,Health & Family Welfare Project #601,Health & Family Welfare,Tamil Nadu,730,429,38.3,61.6,44.9,452130000.0,238470000.0,107070000.0,1,5,31.6,73.9,56.9,0,CRITICAL,1,150
602,Health & Family Welfare Project #602,Health & Family Welfare,Tripura,365,398,80.7,99.2,93.1,101400000.0,101400000.0,94400000.0,2,8,82.4,54.7,36.9,0,CRITICAL,1,161
603,Road Transport & Highways Project #603,Road Transport & Highways,Rajasthan,540,549,65.0,97.7,70.2,204320000.0,155920000.0,109460000.0,3,8,70.2,72.8,46.8,0,CRITICAL,1,254
604,Road Transport & Highways Project #604,Road Transport & Highways,Tamil Nadu,540,118,16.3,14.2,19.8,370490000.0,101880000.0,20170000.0,0,4,79.8,64.4,59.1,1,ON_TRACK,0,0
605,Railways Project #605,Railways,West Bengal,540,312,43.1,56.7,49.4,320380000.0,179590000.0,88720000.0,0,4,54.1,68.2,44.1,0,AT_RISK,0,0
606,Digital Governance Project #606,Digital Governance,Karnataka,540,169,19.6,24.0,19.0,302650000.0,94350000.0,17930000.0,0,4,97.5,68.6,42.4,0,ON_TRACK,0,0
607,Power & Renewable Energy Project #607,Power & Renewable Energy,Karnataka,180,134,69.7,76.8,78.7,67770000.0,58300000.0,45880000.0,1,6,80.7,83.0,50.6,1,AT_RISK,0,0
608,Road Transport & Highways Project #608,Road Transport & Highways,Tripura,365,286,80.7,85.9,79.2,27040000.0,24910000.0,19730000.0,1,8,93.3,76.1,67.4,0,DELAYED,1,89
609,Water Resources Project #609,Water Resources,West Bengal,730,350,31.1,46.8,30.0,378010000.0,145140000.0,43540000.0,2,10,45.2,83.7,79.2,0,CRITICAL,1,137
610,Health & Family Welfare Project #610,Health & Family Welfare,Mizoram,730,593,77.4,86.9,82.8,180870000.0,174790000.0,144730000.0,0,4,56.8,70.6,70.5,1,DELAYED,1,58
611,Education & Social Infrastructure Project #611,Education & Social Infrastructure,Rajasthan,540,403,53.6,81.2,63.4,326510000.0,237580000.0,150630000.0,2,6,49.5,62.9,76.0,0,CRITICAL,1,196
612,Road Transport & Highways Project #612,Road Transport & Highways,Manipur,540,215,29.4,36.8,33.1,368870000.0,153240000.0,50720000.0,1,8,68.3,73.5,63.9,0,AT_RISK,0,0
613,Road Transport & Highways Project #613,Road Transport & Highways,Gujarat,365,385,85.1,94.7,89.6,180200000.0,179180000.0,160550000.0,1,6,74.2,71.5,68.1,0,DELAYED,1,86
614,Water Resources Project #614,Water Resources,Odisha,365,53,9.6,11.3,5.9,492820000.0,82700000.0,4880000.0,0,4,76.1,64.0,59.9,0,ON_TRACK,0,0
615,Health & Family Welfare Project #615,Health & Family Welfare,Odisha,730,782,78.7,96.0,87.4,260800000.0,260800000.0,227940000.0,1,6,57.1,76.6,47.6,1,CRITICAL,1,143
616,Water Resources Project #616,Water Resources,Nagaland,365,188,46.8,50.2,43.4,419790000.0,220310000.0,95610000.0,0,10,73.7,70.4,70.6,0,ON_TRACK,0,0
617,Digital Governance Project #617,Digital Governance,Mizoram,730,755,78.7,97.4,77.5,440020000.0,382200000.0,296200000.0,2,10,70.6,79.3,53.9,0,CRITICAL,1,149
618,Digital Governance Project #618,Digital Governance,Gujarat,540,188,29.5,27.8,43.8,140000000.0,77670000.0,34020000.0,0,10,44.8,65.7,78.6,0,ON_TRACK,0,0
619,Road Transport & Highways Project #619,Road Transport & Highways,Meghalaya,365,312,83.0,89.9,86.0,308170000.0,292560000.0,251600000.0,0,5,62.2,72.1,81.1,0,ON_TRACK,0,0
620,Power & Renewable Energy Project #620,Power & Renewable Energy,Maharashtra,270,205,60.3,80.9,58.8,417930000.0,292640000.0,172070000.0,2,10,77.3,81.1,49.2,0,AT_RISK,0,0
621,Education & Social Infrastructure Project #621,Education & Social Infrastructure,Meghalaya,540,116,16.1,13.1,19.9,201380000.0,52350000.0,10420000.0,0,4,84.0,77.2,48.5,0,ON_TRACK,0,0
622,Power & Renewable Energy Project #622,Power & Renewable Energy,Rajasthan,730,101,16.4,9.3,25.4,135800000.0,49580000.0,12590000.0,0,6,89.5,49.7,79.7,0,ON_TRACK,0,0
623,Urban Development Project #623,Urban Development,Odisha,1095,1116,75.0,97.6,89.9,348160000.0,344080000.0,309330000.0,2,8,69.5,68.9,46.1,1,CRITICAL,1,177
624,Urban Development Project #624,Urban Development,Tripura,900,699,78.0,84.3,77.5,124690000.0,113220000.0,87750000.0,1,4,80.5,81.7,92.9,4,CRITICAL,1,95
625,Power & Renewable Energy Project #625,Power & Renewable Energy,Mizoram,540,358,61.0,73.7,58.0,426340000.0,310290000.0,179970000.0,1,4,53.3,82.4,61.9,0,CRITICAL,1,123
626,Road Transport & Highways Project #626,Road Transport & Highways,Gujarat,540,374,69.4,76.0,71.0,328290000.0,251150000.0,178320000.0,2,10,93.5,64.8,71.3,2,CRITICAL,1,97
627,Water Resources Project #627,Water Resources,Uttar Pradesh,540,456,81.1,88.7,87.7,274460000.0,258510000.0,226710000.0,0,6,74.1,79.7,70.0,0,ON_TRACK,0,0
628,Digital Governance Project #628,Digital Governance,Sikkim,365,82,14.7,16.7,24.0,352300000.0,123920000.0,29740000.0,0,4,55.4,76.8,85.4,1,ON_TRACK,0,0
629,Digital Governance Project #629,Digital Governance,Madhya Pradesh,1095,274,10.2,16.1,13.3,225710000.0,50110000.0,6660000.0,1,4,64.9,58.8,88.5,1,AT_RISK,0,0
630,Water Resources Project #630,Water Resources,Maharashtra,730,350,38.2,45.7,41.7,466790000.0,230670000.0,96190000.0,1,5,79.0,70.4,69.5,2,DELAYED,1,87
631,Urban Development Project #631,Urban Development,Rajasthan,540,219,34.5,38.3,37.0,331510000.0,153010000.0,56610000.0,0,5,69.9,80.1,65.1,0,ON_TRACK,0,0
632,Education & Social Infrastructure Project #632,Education & Social Infrastructure,Uttar Pradesh,540,389,74.2,78.6,82.9,479800000.0,458850000.0,380390000.0,0,5,72.0,86.9,73.5,0,ON_TRACK,0,0
633,Health & Family Welfare Project #633,Health & Family Welfare,Bihar,180,151,72.5,88.9,68.7,380190000.0,280560000.0,192740000.0,1,4,73.3,66.8,67.2,0,CRITICAL,1,120
634,Health & Family Welfare Project #634,Health & Family Welfare,Maharashtra,540,252,32.6,45.4,28.9,108950000.0,38620000.0,11160000.0,2,10,54.1,86.6,70.0,1,AT_RISK,0,0
635,Railways Project #635,Railways,Madhya Pradesh,365,83,9.1,12.8,19.4,199100000.0,62540000.0,12130000.0,0,10,63.4,54.9,46.5,0,ON_TRACK,0,0
636,Digital Governance Project #636,Digital Governance,Bihar,900,590,53.5,71.3,49.7,447260000.0,255670000.0,127070000.0,1,4,71.4,82.9,78.0,0,AT_RISK,0,0
637,Urban Development Project #637,Urban Development,Assam,540,218,32.5,35.9,41.1,210220000.0,114710000.0,47150000.0,0,5,71.4,78.9,67.8,1,ON_TRACK,0,0
638,Digital Governance Project #638,Digital Governance,Mizoram,730,192,20.0,19.9,21.0,50540000.0,17020000.0,3570000.0,0,5,65.5,81.2,80.3,0,DELAYED,1,39
639,Road Transport & Highways Project #639,Road Transport & Highways,Tamil Nadu,540,265,41.2,50.1,40.6,444350000.0,216050000.0,87720000.0,1,6,70.9,81.9,73.2,0,AT_RISK,0,0
640,Water Resources Project #640,Water Resources,Rajasthan,180,189,82.2,95.7,77.8,167090000.0,142940000.0,111210000.0,1,8,77.2,89.5,69.3,0,AT_RISK,0,0
641,Water Resources Project #641,Water Resources,Odisha,540,587,91.3,96.8,94.2,168980000.0,168980000.0,159180000.0,0,4,83.8,78.8,66.9,0,DELAYED,1,59
642,Education & Social Infrastructure Project #642,Education & Social Infrastructure,Nagaland,730,130,11.5,12.8,10.5,416310000.0,64800000.0,6800000.0,0,10,56.8,73.3,83.0,1,ON_TRACK,0,0
643,Road Transport & Highways Project #643,Road Transport & Highways,Meghalaya,730,197,16.4,17.6,14.6,280320000.0,71810000.0,10480000.0,0,10,83.1,65.8,90.3,1,ON_TRACK,0,0
644,Railways Project #644,Railways,Sikkim,900,532,56.4,63.4,61.1,432900000.0,298840000.0,182590000.0,0,8,95.8,83.9,89.8,0,DELAYED,1,63
645,Education & Social Infrastructure Project #645,Education & Social Infrastructure,Maharashtra,270,139,44.6,52.8,39.9,203810000.0,110690000.0,44170000.0,1,5,80.6,74.2,60.6,0,AT_RISK,0,0
646,Education & Social Infrastructure Project #646,Education & Social Infrastructure,Maharashtra,540,310,59.7,59.9,62.4,408400000.0,295570000.0,184440000.0,1,5,67.1,70.1,92.3,2,AT_RISK,0,0
647,Railways Project #647,Railways,Manipur,365,393,89.8,95.5,95.0,245960000.0,245960000.0,233660000.0,0,4,85.1,90.8,71.4,1,ON_TRACK,0,0
648,Road Transport & Highways Project #648,Road Transport & Highways,Mizoram,540,345,55.9,70.7,73.2,424510000.0,347100000.0,254080000.0,1,5,40.9,75.8,36.0,0,AT_RISK,0,0
649,Education & Social Infrastructure Project #649,Education & Social Infrastructure,Nagaland,730,438,63.0,64.6,59.4,46960000.0,34170000.0,20300000.0,0,5,75.5,69.2,81.4,0,ON_TRACK,0,0
650,Power & Renewable Energy Project #650,Power & Renewable Energy,Madhya Pradesh,730,213,15.3,23.2,21.3,382250000.0,122100000.0,26010000.0,0,5,58.0,60.4,67.0,0,DELAYED,1,70
651,Road Transport & Highways Project #651,Road Transport & Highways,Maharashtra,1460,1640,81.0,98.6,92.2,56500000.0,56500000.0,52090000.0,1,5,52.4,51.4,48.6,0,CRITICAL,1,117
652,Railways Project #652,Railways,Uttar Pradesh,540,385,72.4,78.6,85.7,258570000.0,252860000.0,216700000.0,0,4,49.2,68.8,62.6,0,DELAYED,1,56
653,Power & Renewable Energy Project #653,Power & Renewable Energy,Meghalaya,540,98,5.7,12.0,27.0,414070000.0,163350000.0,44100000.0,1,10,44.6,78.2,73.7,3,AT_RISK,0,0
654,Digital Governance Project #654,Digital Governance,Manipur,365,180,42.0,49.3,50.5,17810000.0,11400000.0,5760000.0,0,6,78.6,73.4,85.2,1,ON_TRACK,0,0
655,Power & Renewable Energy Project #655,Power & Renewable Energy,Tamil Nadu,365,133,20.4,33.5,43.8,432670000.0,223500000.0,97890000.0,1,6,58.7,67.3,45.3,1,CRITICAL,1,106
656,Road Transport & Highways Project #656,Road Transport & Highways,West Bengal,1095,526,38.5,45.9,42.7,141000000.0,68150000.0,29100000.0,1,6,73.8,61.1,42.4,1,DELAYED,1,74
657,Road Transport & Highways Project #657,Road Transport & Highways,Mizoram,730,439,59.3,64.5,81.2,360150000.0,329330000.0,267420000.0,2,4,80.4,57.9,54.5,4,AT_RISK,0,0
658,Urban Development Project #658,Urban Development,Sikkim,540,98,25.7,14.0,21.3,414670000.0,129570000.0,27600000.0,0,6,84.5,59.4,79.3,0,ON_TRACK,0,0
659,Digital Governance Project #659,Digital Governance,Maharashtra,270,72,24.8,21.3,28.7,180290000.0,60860000.0,17470000.0,0,8,89.9,60.9,74.0,0,ON_TRACK,0,0
660,Education & Social Infrastructure Project #660,Education & Social Infrastructure,Maharashtra,365,394,87.5,100.0,94.3,165370000.0,165370000.0,155940000.0,1,8,72.9,78.7,76.6,0,AT_RISK,0,0
661,Education & Social Infrastructure Project #661,Education & Social Infrastructure,Maharashtra,540,527,78.9,94.5,75.3,133040000.0,110620000.0,83300000.0,1,5,84.3,35.3,90.9,0,CRITICAL,1,108
662,Health & Family Welfare Project #662,Health & Family Welfare,Uttar Pradesh,540,300,53.7,59.4,59.6,182850000.0,133140000.0,79350000.0,1,6,68.2,72.8,77.5,0,AT_RISK,0,0
663,Power & Renewable Energy Project #663,Power & Renewable Energy,Assam,540,418,74.1,84.5,74.4,47640000.0,41410000.0,30810000.0,2,6,78.3,50.4,74.7,2,CRITICAL,1,108
664,Railways Project #664,Railways,Rajasthan,365,38,11.6,10.5,11.4,172060000.0,37910000.0,4320000.0,0,10,47.2,78.8,71.3,0,ON_TRACK,0,0
665,Health & Family Welfare Project #665,Health & Family Welfare,Sikkim,365,415,81.1,99.8,83.7,233310000.0,230210000.0,192690000.0,1,5,64.9,72.8,64.9,0,AT_RISK,0,0
666,Urban Development Project #666,Urban Development,Manipur,365,75,0.0,13.9,16.6,406640000.0,113300000.0,18810000.0,2,6,56.0,85.2,53.3,4,AT_RISK,0,0
667,Digital Governance Project #667,Digital Governance,Arunachal Pradesh,1460,1130,72.6,80.5,78.5,215070000.0,187790000.0,147420000.0,1,6,57.6,81.7,85.5,0,AT_RISK,0,0
668,Road Transport & Highways Project #668,Road Transport & Highways,Nagaland,540,473,81.1,93.3,90.7,76860000.0,76860000.0,69710000.0,1,6,67.7,59.5,79.2,0,AT_RISK,0,0
669,Railways Project #669,Railways,Nagaland,365,347,73.7,95.2,95.8,124130000.0,124130000.0,118920000.0,1,5,65.8,72.6,51.9,0,AT_RISK,0,0
670,Water Resources Project #670,Water Resources,Tripura,365,278,79.5,86.6,80.1,49310000.0,43750000.0,35040000.0,1,8,95.7,75.1,65.4,1,AT_RISK,0,0
671,Water Resources Project #671,Water Resources,Maharashtra,730,407,31.5,60.8,51.9,72850000.0,44130000.0,22900000.0,3,10,77.0,48.7,28.0,0,CRITICAL,1,219
672,Power & Renewable Energy Project #672,Power & Renewable Energy,Maharashtra,365,56,0.0,9.8,15.6,67290000.0,19050000.0,2970000.0,0,4,63.2,40.3,41.1,0,DELAYED,1,82
673,Railways Project #673,Railways,Maharashtra,270,125,44.2,42.6,47.7,251710000.0,148810000.0,70980000.0,0,8,85.5,71.0,64.8,0,ON_TRACK,0,0
674,Power & Renewable Energy Project #674,Power & Renewable Energy,Karnataka,540,320,64.2,63.7,64.2,78770000.0,56620000.0,36350000.0,0,4,74.6,90.2,90.2,0,ON_TRACK,0,0
675,Education & Social Infrastructure Project #675,Education & Social Infrastructure,West Bengal,365,342,77.9,94.4,83.2,274320000.0,255620000.0,212680000.0,1,4,72.0,63.0,86.0,0,CRITICAL,1,126
676,Power & Renewable Energy Project #676,Power & Renewable Energy,Odisha,540,192,25.9,27.6,27.0,307030000.0,111720000.0,30160000.0,0,4,95.6,74.8,78.6,0,ON_TRACK,0,0
677,Railways Project #677,Railways,Odisha,270,92,19.3,23.7,21.3,308640000.0,94190000.0,20060000.0,0,6,84.9,79.2,73.2,0,ON_TRACK,0,0
678,Health & Family Welfare Project #678,Health & Family Welfare,Maharashtra,365,375,65.6,93.7,67.7,78260000.0,56930000.0,38540000.0,2,8,61.9,55.3,36.3,0,CRITICAL,1,204
679,Education & Social Infrastructure Project #679,Education & Social Infrastructure,Assam,540,325,43.4,65.6,61.9,275140000.0,209730000.0,129820000.0,2,5,48.9,66.0,74.5,3,CRITICAL,1,184
680,Railways Project #680,Railways,Meghalaya,540,503,74.5,94.2,89.5,74090000.0,74090000.0,66310000.0,2,10,63.8,76.8,51.6,0,CRITICAL,1,170
681,Water Resources Project #681,Water Resources,West Bengal,900,606,71.1,72.1,86.2,334120000.0,334120000.0,288010000.0,0,4,65.8,47.3,65.6,1,ON_TRACK,0,0
682,Urban Development Project #682,Urban Development,Mizoram,180,133,66.2,78.9,73.8,24500000.0,20200000.0,14910000.0,1,10,70.4,67.8,68.4,1,AT_RISK,0,0
683,Health & Family Welfare Project #683,Health & Family Welfare,Tripura,540,124,19.3,15.7,28.6,63340000.0,21490000.0,6150000.0,0,5,73.0,77.7,64.2,1,ON_TRACK,0,0
684,Water Resources Project #684,Water Resources,Arunachal Pradesh,540,319,54.5,64.8,57.3,179030000.0,113410000.0,64980000.0,0,5,81.3,83.7,83.2,0,DELAYED,1,58
685,Power & Renewable Energy Project #685,Power & Renewable Energy,Karnataka,180,170,71.8,95.5,75.6,383400000.0,335120000.0,253350000.0,2,5,56.4,65.0,62.0,2,CRITICAL,1,192
686,Road Transport & Highways Project #686,Road Transport & Highways,Karnataka,365,262,73.8,78.1,78.6,237640000.0,202280000.0,158990000.0,1,5,76.0,67.9,73.9,3,DELAYED,1,68
687,Education & Social Infrastructure Project #687,Education & Social Infrastructure,Manipur,270,192,64.9,75.5,65.0,261980000.0,205710000.0,133710000.0,0,4,77.0,67.9,75.1,0,AT_RISK,0,0
688,Water Resources Project #688,Water Resources,Odisha,540,393,66.4,79.5,73.0,72040000.0,58850000.0,42960000.0,2,8,33.2,57.7,75.3,4,AT_RISK,0,0
689,Water Resources Project #689,Water Resources,Nagaland,365,151,19.9,32.3,25.7,282340000.0,109490000.0,28140000.0,0,4,57.0,78.3,59.3,1,AT_RISK,0,0
690,Water Resources Project #690,Water Resources,Madhya Pradesh,540,432,78.0,88.3,76.8,280990000.0,234790000.0,180320000.0,1,5,77.8,77.8,77.7,3,DELAYED,1,89
691,Railways Project #691,Railways,West Bengal,540,172,19.7,23.1,22.6,359990000.0,107200000.0,24230000.0,0,4,80.7,72.9,38.6,0,ON_TRACK,0,0
692,Power & Renewable Energy Project #692,Power & Renewable Energy,Nagaland,365,321,81.0,89.8,86.7,239570000.0,239070000.0,207270000.0,1,10,88.7,33.2,64.1,1,CRITICAL,1,109
693,Health & Family Welfare Project #693,Health & Family Welfare,Rajasthan,730,384,54.4,55.3,56.8,215430000.0,139410000.0,79180000.0,0,4,82.9,57.2,69.4,0,ON_TRACK,1,20
694,Power & Renewable Energy Project #694,Power & Renewable Energy,Arunachal Pradesh,900,822,79.9,91.1,82.1,175060000.0,159440000.0,130900000.0,2,4,67.0,54.0,53.7,2,CRITICAL,1,131
695,Railways Project #695,Railways,Nagaland,270,32,11.3,10.7,19.1,379910000.0,111210000.0,21240000.0,0,5,80.9,81.5,55.2,0,ON_TRACK,0,0
696,Health & Family Welfare Project #696,Health & Family Welfare,Manipur,180,145,76.8,87.8,80.4,354770000.0,314340000.0,252730000.0,1,8,75.8,70.9,57.2,1,AT_RISK,0,0
697,Railways Project #697,Railways,Tripura,1095,391,24.7,29.7,27.8,99670000.0,37060000.0,10300000.0,0,5,51.1,66.2,86.3,0,DELAYED,1,35
698,Urban Development Project #698,Urban Development,Sikkim,270,167,39.9,66.5,40.0,282070000.0,153240000.0,61300000.0,1,4,78.2,53.9,47.8,0,CRITICAL,1,167
699,Health & Family Welfare Project #699,Health & Family Welfare,Uttar Pradesh,540,155,20.8,22.9,27.4,423090000.0,167160000.0,45800000.0,0,8,76.9,61.4,79.1,0,ON_TRACK,0,0
700,Digital Governance Project #700,Digital Governance,Uttar Pradesh,365,263,52.4,78.9,75.2,290550000.0,246980000.0,185730000.0,3,8,30.6,71.9,60.1,2,CRITICAL,1,235
701,Water Resources Project #701,Water Resources,Manipur,365,206,60.4,62.6,69.1,414460000.0,325790000.0,225120000.0,0,6,61.1,89.2,76.6,1,ON_TRACK,0,0
702,Urban Development Project #702,Urban Development,Madhya Pradesh,365,344,72.9,93.3,68.4,427630000.0,319760000.0,218720000.0,1,5,81.5,68.5,61.9,0,CRITICAL,1,155
703,Education & Social Infrastructure Project #703,Education & Social Infrastructure,Arunachal Pradesh,900,869,58.7,94.5,60.3,471820000.0,354550000.0,213790000.0,2,6,57.9,82.8,32.0,0,CRITICAL,1,232
704,Power & Renewable Energy Project #704,Power & Renewable Energy,Nagaland,365,56,1.1,14.0,21.4,393790000.0,130820000.0,28000000.0,1,4,43.5,53.0,91.0,1,AT_RISK,0,0
705,Water Resources Project #705,Water Resources,Mizoram,365,262,52.2,82.3,63.8,90560000.0,68920000.0,43970000.0,2,6,48.0,66.0,66.0,0,CRITICAL,1,222
706,Water Resources Project #706,Water Resources,Odisha,1460,344,16.7,16.8,12.0,121760000.0,20990000.0,2520000.0,0,10,80.1,42.2,73.0,0,ON_TRACK,0,0
707,Road Transport & Highways Project #707,Road Transport & Highways,Odisha,900,252,20.8,24.6,24.7,185620000.0,55510000.0,13710000.0,0,5,80.5,86.7,85.9,0,ON_TRACK,0,0
708,Education & Social Infrastructure Project #708,Education & Social Infrastructure,Gujarat,270,185,54.9,74.7,74.6,332590000.0,281850000.0,210260000.0,1,5,66.4,69.5,50.1,0,CRITICAL,1,130
709,Water Resources Project #709,Water Resources,Arunachal Pradesh,540,497,85.9,94.8,82.9,461680000.0,426620000.0,353670000.0,1,10,84.4,75.9,74.9,2,AT_RISK,0,0
710,Railways Project #710,Railways,Sikkim,540,61,2.3,10.6,3.6,384500000.0,48250000.0,1740000.0,0,4,97.6,76.5,61.2,0,ON_TRACK,0,0
711,Urban Development Project #711,Urban Development,Arunachal Pradesh,365,134,26.4,29.7,33.6,178360000.0,85450000.0,28710000.0,0,4,70.8,82.3,88.0,1,DELAYED,1,35
712,Urban Development Project #712,Urban Development,Odisha,540,301,41.0,57.5,58.9,85210000.0,54950000.0,32370000.0,0,4,41.4,74.0,44.7,1,AT_RISK,0,0
713,Railways Project #713,Railways,Tamil Nadu,1095,347,19.5,28.5,20.1,183050000.0,61080000.0,12280000.0,0,8,78.8,72.9,79.1,1,ON_TRACK,0,0
714,Digital Governance Project #714,Digital Governance,West Bengal,540,85,9.7,10.5,8.0,203120000.0,38560000.0,3080000.0,1,5,73.4,76.7,62.3,1,DELAYED,1,64
715,Water Resources Project #715,Water Resources,Gujarat,730,198,21.1,21.5,20.9,449290000.0,117810000.0,24620000.0,0,8,92.8,65.7,55.2,0,ON_TRACK,0,0
716,Education & Social Infrastructure Project #716,Education & Social Infrastructure,Manipur,900,264,17.5,23.8,25.2,223770000.0,77280000.0,19470000.0,0,5,78.2,64.0,75.1,0,DELAYED,1,72
717,Urban Development Project #717,Urban Development,West Bengal,540,452,69.4,87.1,67.4,410510000.0,327760000.0,220910000.0,1,8,75.2,41.0,75.9,0,CRITICAL,1,142
718,Education & Social Infrastructure Project #718,Education & Social Infrastructure,Rajasthan,270,217,76.2,86.1,96.5,332280000.0,332280000.0,320650000.0,1,4,34.8,69.6,85.1,2,CRITICAL,1,103
719,Road Transport & Highways Project #719,Road Transport & Highways,Maharashtra,365,211,45.5,63.9,57.8,187290000.0,136240000.0,78750000.0,2,8,47.4,86.8,29.4,2,CRITICAL,1,176
720,Urban Development Project #720,Urban Development,Odisha,730,566,81.0,86.3,82.9,76260000.0,69430000.0,57560000.0,1,10,81.8,78.2,67.1,0,AT_RISK,0,0
721,Road Transport & Highways Project #721,Road Transport & Highways,Mizoram,730,215,17.7,24.8,20.9,60180000.0,19450000.0,4070000.0,0,10,64.6,70.0,75.0,1,ON_TRACK,0,0
722,Education & Social Infrastructure Project #722,Education & Social Infrastructure,Sikkim,365,261,58.7,76.0,56.1,420320000.0,290310000.0,162860000.0,1,5,78.1,61.6,89.8,0,AT_RISK,0,0
723,Road Transport & Highways Project #723,Road Transport & Highways,Arunachal Pradesh,730,620,67.9,83.8,73.3,174600000.0,141260000.0,103540000.0,1,10,93.8,44.3,68.8,0,AT_RISK,0,0
724,Urban Development Project #724,Urban Development,Tamil Nadu,365,274,69.4,81.9,76.4,383750000.0,317000000.0,242190000.0,2,6,76.6,37.3,54.4,2,AT_RISK,0,0
725,Water Resources Project #725,Water Resources,Madhya Pradesh,270,231,76.3,86.9,84.6,137090000.0,133020000.0,112530000.0,0,4,61.5,77.5,56.6,0,AT_RISK,0,0
726,Health & Family Welfare Project #726,Health & Family Welfare,Assam,180,90,43.3,49.4,45.9,425290000.0,253130000.0,116190000.0,0,5,85.2,76.8,63.4,0,ON_TRACK,0,0
727,Road Transport & Highways Project #727,Road Transport & Highways,Mizoram,900,519,52.2,60.9,58.8,116530000.0,76950000.0,45250000.0,1,10,78.4,65.4,91.3,1,AT_RISK,0,0
728,Health & Family Welfare Project #728,Health & Family Welfare,Madhya Pradesh,365,201,54.1,56.7,61.2,412850000.0,292830000.0,179210000.0,0,6,81.8,65.5,89.8,1,ON_TRACK,0,0
729,Urban Development Project #729,Urban Development,Maharashtra,365,350,74.2,92.7,89.9,367880000.0,362740000.0,326100000.0,2,6,54.2,75.3,59.9,0,AT_RISK,0,0
730,Railways Project #730,Railways,Odisha,1095,399,31.1,30.3,39.3,324890000.0,172840000.0,67930000.0,0,10,82.4,88.1,73.8,1,ON_TRACK,0,0
731,Water Resources Project #731,Water Resources,Odisha,540,200,24.8,32.5,28.7,398940000.0,135770000.0,38970000.0,1,6,77.2,75.1,82.0,1,AT_RISK,0,0
732,Railways Project #732,Railways,Sikkim,365,141,28.2,35.1,23.3,210180000.0,72720000.0,16940000.0,1,5,64.5,66.7,75.2,0,CRITICAL,1,93
733,Health & Family Welfare Project #733,Health & Family Welfare,Gujarat,365,75,13.0,14.1,9.7,67010000.0,16210000.0,1570000.0,0,8,88.1,84.2,82.8,0,ON_TRACK,0,0
734,Health & Family Welfare Project #734,Health & Family Welfare,Madhya Pradesh,365,287,78.8,87.8,85.1,77820000.0,76470000.0,65080000.0,1,10,84.3,78.2,58.0,1,AT_RISK,0,0
735,Digital Governance Project #735,Digital Governance,Madhya Pradesh,540,455,80.7,86.1,83.2,485720000.0,434700000.0,361670000.0,1,10,85.9,76.3,77.0,0,AT_RISK,0,0
736,Power & Renewable Energy Project #736,Power & Renewable Energy,Meghalaya,900,495,58.2,60.7,58.6,441770000.0,309420000.0,181320000.0,1,6,51.4,88.3,85.1,0,AT_RISK,0,0
737,Health & Family Welfare Project #737,Health & Family Welfare,Gujarat,365,236,61.4,72.7,81.5,327150000.0,310710000.0,253230000.0,2,4,77.2,61.6,47.3,2,CRITICAL,1,113
738,Road Transport & Highways Project #738,Road Transport & Highways,Tripura,270,272,83.0,96.3,85.7,138950000.0,135240000.0,115900000.0,1,6,80.4,35.2,87.3,1,CRITICAL,1,121
739,Education & Social Infrastructure Project #739,Education & Social Infrastructure,Manipur,540,82,16.4,10.3,22.7,120310000.0,34050000.0,7730000.0,0,10,45.9,47.4,82.2,0,ON_TRACK,0,0
740,Health & Family Welfare Project #740,Health & Family Welfare,Mizoram,540,346,53.8,70.9,62.6,269330000.0,201060000.0,125860000.0,2,8,91.0,75.2,60.0,1,CRITICAL,1,143
741,Urban Development Project #741,Urban Development,Tripura,900,279,13.9,22.6,11.6,497640000.0,120080000.0,13930000.0,1,6,77.2,77.1,64.6,4,AT_RISK,0,0
742,Urban Development Project #742,Urban Development,Meghalaya,365,321,78.2,89.9,100.0,212120000.0,212120000.0,212120000.0,1,4,49.8,70.4,68.6,0,AT_RISK,0,0
743,Urban Development Project #743,Urban Development,Nagaland,180,190,77.3,94.7,74.2,124300000.0,106430000.0,78970000.0,1,6,65.7,59.2,78.0,0,CRITICAL,1,118
744,Education & Social Infrastructure Project #744,Education & Social Infrastructure,Manipur,730,89,5.0,8.1,13.5,499360000.0,138290000.0,18670000.0,0,6,68.9,95.2,63.5,0,ON_TRACK,0,0
745,Education & Social Infrastructure Project #745,Education & Social Infrastructure,Nagaland,270,218,79.1,87.9,77.8,258590000.0,217460000.0,169180000.0,1,4,48.2,84.3,79.9,0,CRITICAL,1,106
746,Road Transport & Highways Project #746,Road Transport & Highways,Gujarat,365,51,15.6,12.9,21.6,398630000.0,114830000.0,24800000.0,0,5,83.6,64.4,62.2,0,ON_TRACK,1,28
747,Health & Family Welfare Project #747,Health & Family Welfare,Odisha,540,465,83.0,89.0,88.4,31530000.0,30610000.0,27060000.0,0,8,93.2,69.0,83.0,1,ON_TRACK,0,0
748,Power & Renewable Energy Project #748,Power & Renewable Energy,Nagaland,730,452,57.0,71.1,65.1,368740000.0,285840000.0,186080000.0,2,5,86.6,64.7,63.4,2,CRITICAL,1,141
749,Urban Development Project #749,Urban Development,Madhya Pradesh,540,383,62.4,79.2,72.0,12760000.0,11080000.0,7980000.0,1,6,84.1,60.0,51.6,0,CRITICAL,1,140
750,Health & Family Welfare Project #750,Health & Family Welfare,Maharashtra,270,136,39.9,47.5,41.4,304310000.0,141420000.0,58550000.0,2,10,82.8,68.5,95.1,2,AT_RISK,0,0
751,Railways Project #751,Railways,Meghalaya,365,262,69.2,78.1,66.4,237330000.0,175300000.0,116400000.0,1,8,84.2,61.8,92.9,2,DELAYED,1,82
752,Water Resources Project #752,Water Resources,West Bengal,270,253,62.8,92.4,77.0,123230000.0,109050000.0,83970000.0,3,10,78.4,67.7,41.8,0,CRITICAL,1,245
753,Health & Family Welfare Project #753,Health & Family Welfare,West Bengal,900,586,62.2,74.6,64.1,497690000.0,391140000.0,250720000.0,1,6,59.8,78.9,62.1,2,CRITICAL,1,104
754,Road Transport & Highways Project #754,Road Transport & Highways,Sikkim,270,89,19.1,22.9,24.3,291100000.0,113760000.0,27640000.0,0,10,79.4,56.4,64.5,1,ON_TRACK,0,0
755,Education & Social Infrastructure Project #755,Education & Social Infrastructure,Karnataka,365,297,68.6,86.1,92.7,393510000.0,393510000.0,364780000.0,0,4,42.1,64.0,58.6,0,CRITICAL,1,111
756,Digital Governance Project #756,Digital Governance,Tripura,270,71,13.1,21.1,22.1,437040000.0,139080000.0,30740000.0,1,10,58.0,80.0,96.4,1,AT_RISK,0,0
757,Education & Social Infrastructure Project #757,Education & Social Infrastructure,Maharashtra,730,493,65.0,71.9,71.9,115010000.0,92400000.0,66440000.0,1,10,74.6,86.8,72.6,0,AT_RISK,0,0
758,Digital Governance Project #758,Digital Governance,Tripura,270,46,14.3,13.7,10.0,225920000.0,48800000.0,4880000.0,0,6,85.6,85.8,80.2,1,ON_TRACK,0,0
759,Education & Social Infrastructure Project #759,Education & Social Infrastructure,Meghalaya,365,81,17.1,17.7,13.2,180560000.0,36940000.0,4880000.0,1,10,74.6,73.4,88.5,2,DELAYED,1,46
760,Digital Governance Project #760,Digital Governance,Rajasthan,730,711,85.9,91.8,95.9,185720000.0,185720000.0,178110000.0,0,10,61.8,70.7,72.0,1,ON_TRACK,0,0
761,Education & Social Infrastructure Project #761,Education & Social Infrastructure,Tripura,180,32,0.0,13.5,16.9,346260000.0,98420000.0,16630000.0,1,4,74.2,51.1,40.4,0,AT_RISK,0,0
762,Urban Development Project #762,Urban Development,Odisha,365,262,66.6,77.5,68.8,348680000.0,265790000.0,182860000.0,1,8,73.3,70.5,77.7,1,CRITICAL,1,93
763,Urban Development Project #763,Urban Development,Maharashtra,900,534,51.7,62.1,61.0,423960000.0,290860000.0,177420000.0,0,4,69.3,57.6,76.3,1,AT_RISK,0,0
764,Health & Family Welfare Project #764,Health & Family Welfare,Gujarat,180,83,34.4,44.3,44.2,99090000.0,54710000.0,24180000.0,1,8,61.4,44.0,61.3,0,AT_RISK,0,0
765,Water Resources Project #765,Water Resources,Bihar,365,211,65.0,65.5,71.0,95490000.0,74830000.0,53130000.0,1,10,92.4,54.1,86.7,0,AT_RISK,0,0
766,Water Resources Project #766,Water Resources,West Bengal,540,457,80.3,88.5,78.5,265560000.0,238970000.0,187590000.0,1,10,87.4,71.3,79.4,1,AT_RISK,0,0
767,Railways Project #767,Railways,Tamil Nadu,365,161,36.7,41.8,35.8,18640000.0,8640000.0,3090000.0,0,8,84.8,33.9,81.0,1,ON_TRACK,0,0
768,Digital Governance Project #768,Digital Governance,Manipur,900,667,63.6,79.4,70.2,317180000.0,239090000.0,167840000.0,0,4,85.4,53.6,74.9,0,CRITICAL,1,116
769,Digital Governance Project #769,Digital Governance,Gujarat,365,132,28.1,31.5,26.6,428570000.0,166330000.0,44240000.0,1,6,59.1,63.5,92.9,3,DELAYED,1,56
770,Urban Development Project #770,Urban Development,Sikkim,365,97,15.7,17.0,13.8,497340000.0,131970000.0,18210000.0,1,5,78.3,46.1,85.6,2,AT_RISK,0,0
771,Road Transport & Highways Project #771,Road Transport & Highways,Nagaland,270,265,89.8,95.0,88.5,414530000.0,400530000.0,354470000.0,1,5,91.2,75.1,74.0,0,AT_RISK,0,0
772,Education & Social Infrastructure Project #772,Education & Social Infrastructure,Tripura,270,31,0.6,9.0,6.2,436420000.0,83130000.0,5150000.0,1,6,62.1,69.9,91.2,0,AT_RISK,0,0
773,Water Resources Project #773,Water Resources,Uttar Pradesh,365,69,12.1,12.0,18.1,371430000.0,115420000.0,20890000.0,0,6,54.5,66.8,57.4,0,ON_TRACK,0,0
774,Railways Project #774,Railways,West Bengal,270,175,61.6,69.2,65.5,260620000.0,205580000.0,134650000.0,1,6,79.9,73.5,57.8,2,AT_RISK,0,0
775,Water Resources Project #775,Water Resources,Arunachal Pradesh,270,222,60.6,87.8,81.8,170320000.0,153620000.0,125660000.0,2,4,48.3,72.5,64.6,0,CRITICAL,1,216
776,Health & Family Welfare Project #776,Health & Family Welfare,Nagaland,1095,770,65.8,76.6,71.4,122870000.0,98970000.0,70660000.0,1,6,75.0,53.5,79.9,0,DELAYED,1,86
777,Water Resources Project #777,Water Resources,Uttar Pradesh,900,357,31.9,35.3,30.1,307130000.0,123260000.0,37100000.0,0,8,79.8,73.9,68.5,1,DELAYED,1,52
778,Railways Project #778,Railways,Rajasthan,540,535,74.4,92.9,82.3,66750000.0,64610000.0,53170000.0,2,10,48.4,80.2,43.8,0,AT_RISK,0,0
779,Water Resources Project #779,Water Resources,Assam,270,186,40.9,77.2,48.1,191010000.0,112210000.0,53970000.0,3,8,61.4,63.4,47.9,0,CRITICAL,1,274
780,Power & Renewable Energy Project #780,Power & Renewable Energy,Arunachal Pradesh,180,140,61.8,85.3,72.6,40510000.0,34580000.0,25110000.0,1,6,62.1,67.6,62.6,0,CRITICAL,1,155
781,Railways Project #781,Railways,Nagaland,540,159,17.1,21.7,14.7,251510000.0,66850000.0,9830000.0,2,8,88.3,60.8,83.2,2,CRITICAL,1,103
782,Education & Social Infrastructure Project #782,Education & Social Infrastructure,Tamil Nadu,270,280,80.3,93.6,85.5,307750000.0,301870000.0,258100000.0,1,10,59.8,43.6,65.8,0,CRITICAL,1,100
783,Railways Project #783,Railways,Bihar,270,273,81.9,96.8,88.9,477000000.0,450770000.0,400730000.0,1,6,91.7,48.0,68.4,0,CRITICAL,1,107
784,Digital Governance Project #784,Digital Governance,Tripura,730,253,27.4,28.7,23.6,449950000.0,146650000.0,34610000.0,1,8,82.6,86.5,75.8,3,DELAYED,1,70
785,Road Transport & Highways Project #785,Road Transport & Highways,Odisha,365,127,31.9,29.0,34.9,69510000.0,27760000.0,9690000.0,0,4,59.9,85.3,65.9,0,ON_TRACK,0,0
786,Power & Renewable Energy Project #786,Power & Renewable Energy,Mizoram,900,687,45.9,84.1,65.1,334120000.0,239780000.0,156100000.0,2,5,48.7,70.5,48.1,0,CRITICAL,1,262
787,Urban Development Project #787,Urban Development,Tripura,180,61,18.3,28.1,36.0,274280000.0,135890000.0,48920000.0,1,6,72.3,54.9,49.8,0,AT_RISK,0,0
788,Water Resources Project #788,Water Resources,Uttar Pradesh,730,760,74.5,95.5,92.0,238950000.0,236340000.0,217430000.0,2,6,79.6,66.3,38.0,1,CRITICAL,1,181
789,Health & Family Welfare Project #789,Health & Family Welfare,West Bengal,540,177,15.7,20.9,24.9,269810000.0,88310000.0,21990000.0,1,8,73.0,88.0,87.1,1,DELAYED,1,79
790,Water Resources Project #790,Water Resources,Manipur,365,371,84.5,95.2,88.0,345070000.0,323050000.0,284280000.0,1,5,85.3,79.0,77.0,1,AT_RISK,0,0
791,Railways Project #791,Railways,Odisha,365,149,26.1,32.6,35.3,357540000.0,159170000.0,56190000.0,1,5,93.8,62.0,75.1,1,AT_RISK,0,0
792,Health & Family Welfare Project #792,Health & Family Welfare,Karnataka,365,289,82.4,87.8,85.7,212680000.0,206370000.0,176860000.0,1,5,92.1,60.5,85.5,4,CRITICAL,1,91
793,Water Resources Project #793,Water Resources,Madhya Pradesh,540,533,83.7,93.5,88.8,316260000.0,316260000.0,280840000.0,1,4,65.8,86.8,76.8,0,AT_RISK,0,0
794,Water Resources Project #794,Water Resources,Rajasthan,900,710,81.7,85.5,81.4,395850000.0,359870000.0,292930000.0,1,8,92.0,79.9,69.9,2,DELAYED,1,56
795,Power & Renewable Energy Project #795,Power & Renewable Energy,Rajasthan,730,249,28.0,26.5,25.8,111010000.0,36980000.0,9540000.0,0,10,82.2,96.5,68.1,0,ON_TRACK,0,0
796,Water Resources Project #796,Water Resources,Karnataka,365,371,78.6,98.4,75.5,155010000.0,130280000.0,98360000.0,3,8,71.7,77.6,66.9,3,CRITICAL,1,189
797,Health & Family Welfare Project #797,Health & Family Welfare,Bihar,180,81,26.0,43.1,43.1,59690000.0,29500000.0,12710000.0,1,5,64.6,30.0,75.7,0,CRITICAL,1,133
798,Urban Development Project #798,Urban Development,Odisha,540,439,71.9,89.5,73.7,443680000.0,364490000.0,268630000.0,1,4,82.5,43.3,73.9,0,CRITICAL,1,131
799,Road Transport & Highways Project #799,Road Transport & Highways,Sikkim,270,245,78.4,90.7,79.3,87990000.0,81200000.0,64390000.0,1,5,81.7,85.3,57.7,0,AT_RISK,0,0
800,Urban Development Project #800,Urban Development,Meghalaya,900,368,23.4,35.4,36.0,381260000.0,167330000.0,60240000.0,1,8,40.6,77.4,72.0,1,AT_RISK,0,0
801,Railways Project #801,Railways,Madhya Pradesh,900,875,87.4,92.6,97.0,103190000.0,103190000.0,100090000.0,1,4,82.2,82.5,73.3,0,AT_RISK,0,0
802,Water Resources Project #802,Water Resources,Sikkim,900,524,39.0,63.7,52.6,144750000.0,90950000.0,47840000.0,2,10,36.1,65.4,40.6,0,AT_RISK,0,0
803,Health & Family Welfare Project #803,Health & Family Welfare,Assam,270,116,32.8,34.7,30.7,26670000.0,10660000.0,3270000.0,0,10,68.4,84.3,75.3,0,ON_TRACK,0,0
804,Health & Family Welfare Project #804,Health & Family Welfare,Sikkim,540,108,12.2,14.0,14.3,230080000.0,52110000.0,7450000.0,0,8,63.4,65.8,80.9,0,ON_TRACK,0,0
805,Power & Renewable Energy Project #805,Power & Renewable Energy,Madhya Pradesh,365,159,34.9,41.7,34.1,154480000.0,73780000.0,25160000.0,0,5,63.7,75.5,77.4,0,ON_TRACK,0,0
806,Digital Governance Project #806,Digital Governance,Tamil Nadu,365,126,12.2,28.1,24.8,392600000.0,125580000.0,31140000.0,2,10,57.6,54.8,56.7,0,CRITICAL,1,138
807,Digital Governance Project #807,Digital Governance,Tamil Nadu,270,219,75.1,84.6,73.2,10790000.0,8840000.0,6470000.0,0,5,65.0,94.9,74.6,0,ON_TRACK,0,0
808,Railways Project #808,Railways,Tripura,365,391,92.0,100.0,91.5,498570000.0,498570000.0,456190000.0,2,8,72.9,48.1,83.2,2,AT_RISK,0,0
809,Road Transport & Highways Project #809,Road Transport & Highways,Meghalaya,540,181,18.9,28.5,33.8,16670000.0,7010000.0,2370000.0,0,5,52.0,52.2,61.5,0,DELAYED,1,64
810,Water Resources Project #810,Water Resources,Karnataka,365,124,25.7,29.7,34.0,279070000.0,135250000.0,45980000.0,1,10,65.2,70.1,85.2,2,AT_RISK,0,0
811,Digital Governance Project #811,Digital Governance,Uttar Pradesh,1095,1011,76.8,91.0,77.9,28770000.0,23990000.0,18690000.0,2,10,59.0,81.5,88.7,2,AT_RISK,0,0
812,Health & Family Welfare Project #812,Health & Family Welfare,Gujarat,540,522,88.1,95.0,84.2,52630000.0,50420000.0,42450000.0,2,5,74.2,72.9,97.0,2,AT_RISK,0,0
813,Road Transport & Highways Project #813,Road Transport & Highways,Assam,1095,473,36.1,41.7,32.6,450980000.0,182470000.0,59490000.0,0,10,68.4,78.5,77.8,0,ON_TRACK,0,0
814,Road Transport & Highways Project #814,Road Transport & Highways,Uttar Pradesh,730,772,85.4,100.0,81.0,86710000.0,80130000.0,64910000.0,1,4,89.2,50.4,94.9,0,AT_RISK,0,0
815,Health & Family Welfare Project #815,Health & Family Welfare,West Bengal,540,327,60.2,67.4,85.0,245490000.0,236620000.0,201130000.0,1,4,70.1,68.1,48.6,0,AT_RISK,0,0
816,Road Transport & Highways Project #816,Road Transport & Highways,Tamil Nadu,1460,1478,88.3,94.4,87.5,196100000.0,193130000.0,168990000.0,0,10,93.8,87.4,52.5,0,ON_TRACK,0,0
817,Digital Governance Project #817,Digital Governance,West Bengal,365,270,74.8,80.0,70.9,497090000.0,420540000.0,298160000.0,1,10,67.8,79.6,76.7,0,DELAYED,1,79
818,Digital Governance Project #818,Digital Governance,Nagaland,180,40,0.0,17.3,18.4,366050000.0,93470000.0,17200000.0,1,5,70.0,52.1,63.4,0,CRITICAL,1,113
819,Water Resources Project #819,Water Resources,Mizoram,365,273,69.5,82.9,77.2,207040000.0,186880000.0,144270000.0,1,6,79.1,76.8,75.7,0,CRITICAL,1,123
820,Power & Renewable Energy Project #820,Power & Renewable Energy,Gujarat,270,189,69.1,80.1,69.0,234090000.0,178280000.0,123010000.0,1,5,67.7,73.4,77.0,1,AT_RISK,0,0
821,Road Transport & Highways Project #821,Road Transport & Highways,Uttar Pradesh,270,70,6.6,17.0,31.2,432390000.0,189910000.0,59250000.0,1,10,41.0,73.1,51.0,0,CRITICAL,1,101
822,Power & Renewable Energy Project #822,Power & Renewable Energy,Tripura,270,274,75.3,97.3,79.5,64330000.0,58750000.0,46710000.0,2,6,78.4,48.9,67.8,2,AT_RISK,0,0
823,Power & Renewable Energy Project #823,Power & Renewable Energy,Gujarat,365,324,87.4,92.0,82.6,159500000.0,146080000.0,120660000.0,0,10,79.4,76.4,85.2,1,ON_TRACK,0,0
824,Road Transport & Highways Project #824,Road Transport & Highways,Manipur,540,544,84.2,95.0,86.5,318150000.0,311540000.0,269480000.0,2,4,90.4,72.0,43.8,3,AT_RISK,0,0
825,Power & Renewable Energy Project #825,Power & Renewable Energy,Bihar,540,121,13.9,18.2,22.9,442530000.0,124030000.0,28400000.0,1,6,82.5,45.5,50.7,2,DELAYED,1,66
826,Power & Renewable Energy Project #826,Power & Renewable Energy,Madhya Pradesh,730,284,30.5,32.2,45.8,310320000.0,181050000.0,82920000.0,1,5,51.0,67.5,37.2,4,AT_RISK,0,0
827,Road Transport & Highways Project #827,Road Transport & Highways,Mizoram,365,408,89.5,95.4,87.8,398250000.0,382810000.0,336110000.0,1,8,89.2,87.0,78.2,0,AT_RISK,0,0
828,Water Resources Project #828,Water Resources,Assam,540,524,85.0,91.7,90.1,154280000.0,154280000.0,139010000.0,2,6,82.4,94.1,91.5,2,AT_RISK,0,0
829,Health & Family Welfare Project #829,Health & Family Welfare,Maharashtra,900,527,48.0,60.0,50.8,457480000.0,256300000.0,130200000.0,2,5,73.3,53.2,74.6,3,CRITICAL,1,144
830,Power & Renewable Energy Project #830,Power & Renewable Energy,Sikkim,540,468,67.7,90.2,82.9,88500000.0,84680000.0,70200000.0,2,10,60.1,41.0,55.3,0,CRITICAL,1,181
831,Education & Social Infrastructure Project #831,Education & Social Infrastructure,Rajasthan,900,921,98.8,91.4,100.0,436210000.0,436210000.0,436210000.0,0,10,65.4,66.3,52.1,3,ON_TRACK,0,0
832,Digital Governance Project #832,Digital Governance,West Bengal,270,229,79.7,86.5,89.4,186310000.0,182720000.0,163350000.0,2,10,57.1,75.8,77.4,3,CRITICAL,1,100
833,Railways Project #833,Railways,West Bengal,270,308,61.9,98.3,72.3,140740000.0,111590000.0,80680000.0,4,10,54.3,80.5,36.5,0,CRITICAL,1,274
834,Health & Family Welfare Project #834,Health & Family Welfare,Assam,900,743,74.4,85.3,82.2,33470000.0,31860000.0,26190000.0,2,10,85.5,66.4,90.0,1,AT_RISK,0,0
835,Power & Renewable Energy Project #835,Power & Renewable Energy,Nagaland,900,604,69.5,73.5,71.1,147580000.0,114120000.0,81140000.0,0,10,68.5,93.7,73.5,0,ON_TRACK,0,0
836,Education & Social Infrastructure Project #836,Education & Social Infrastructure,West Bengal,730,207,26.4,19.5,22.8,465710000.0,158600000.0,36160000.0,0,4,50.8,79.6,83.7,1,ON_TRACK,0,0
837,Digital Governance Project #837,Digital Governance,Odisha,540,547,89.0,96.9,94.4,185210000.0,185210000.0,174840000.0,1,8,59.9,95.9,57.6,1,AT_RISK,0,0
838,Power & Renewable Energy Project #838,Power & Renewable Energy,Meghalaya,730,312,41.8,42.5,49.2,435310000.0,258720000.0,127290000.0,0,5,74.5,63.0,78.6,0,ON_TRACK,0,0
839,Digital Governance Project #839,Digital Governance,Tripura,365,260,63.4,81.2,67.3,226710000.0,174700000.0,117570000.0,1,8,76.5,83.4,48.3,1,AT_RISK,0,0
840,Road Transport & Highways Project #840,Road Transport & Highways,Mizoram,730,139,15.5,12.9,23.9,49880000.0,16740000.0,4000000.0,0,8,80.8,55.1,87.1,0,ON_TRACK,0,0
841,Water Resources Project #841,Water Resources,Manipur,730,579,72.6,82.9,68.4,491220000.0,405360000.0,277270000.0,2,10,84.8,39.8,86.9,2,CRITICAL,1,136
842,Digital Governance Project #842,Digital Governance,Odisha,365,214,41.8,63.4,57.9,455720000.0,318890000.0,184640000.0,1,6,83.6,30.0,61.1,0,AT_RISK,0,0
843,Power & Renewable Energy Project #843,Power & Renewable Energy,Assam,1095,738,67.0,70.0,64.9,190280000.0,133320000.0,86520000.0,0,4,73.0,88.3,52.7,0,ON_TRACK,0,0
844,Water Resources Project #844,Water Resources,West Bengal,365,244,55.0,74.1,61.3,274310000.0,196360000.0,120370000.0,2,5,70.5,51.4,58.9,2,AT_RISK,0,0
845,Urban Development Project #845,Urban Development,West Bengal,730,500,47.0,77.2,69.2,88930000.0,66910000.0,46300000.0,2,5,68.9,47.6,69.5,0,CRITICAL,1,196
846,Road Transport & Highways Project #846,Road Transport & Highways,Tamil Nadu,365,311,71.7,91.9,73.0,157500000.0,131810000.0,96220000.0,2,6,49.2,75.4,24.8,0,CRITICAL,1,174
847,Education & Social Infrastructure Project #847,Education & Social Infrastructure,Uttar Pradesh,365,111,19.8,24.3,24.4,146310000.0,45660000.0,11140000.0,1,10,65.5,59.9,75.5,2,AT_RISK,0,0
848,Power & Renewable Energy Project #848,Power & Renewable Energy,Gujarat,540,579,78.7,98.5,92.9,462010000.0,462010000.0,429210000.0,1,6,74.4,61.4,57.5,1,CRITICAL,1,135
849,Road Transport & Highways Project #849,Road Transport & Highways,Bihar,365,108,15.4,20.4,18.7,465850000.0,137140000.0,25650000.0,0,10,67.3,53.6,86.8,0,ON_TRACK,0,0
850,Education & Social Infrastructure Project #850,Education & Social Infrastructure,West Bengal,365,316,73.7,88.6,73.7,347050000.0,299750000.0,220920000.0,2,10,70.9,69.3,49.4,0,CRITICAL,1,130
851,Water Resources Project #851,Water Resources,Nagaland,270,258,82.3,94.6,100.0,46850000.0,46850000.0,46850000.0,1,5,48.6,75.9,60.8,1,AT_RISK,0,0
852,Education & Social Infrastructure Project #852,Education & Social Infrastructure,Madhya Pradesh,1095,632,51.1,63.5,74.0,202110000.0,168440000.0,124650000.0,1,4,49.2,71.7,65.4,1,AT_RISK,0,0
853,Railways Project #853,Railways,Sikkim,365,126,30.7,27.9,40.4,355730000.0,181900000.0,73490000.0,1,4,87.9,58.9,86.5,3,AT_RISK,0,0
854,Railways Project #854,Railways,Karnataka,730,450,50.5,67.4,64.4,497690000.0,392750000.0,252930000.0,2,10,76.3,32.8,75.7,0,CRITICAL,1,149
855,Digital Governance Project #855,Digital Governance,Meghalaya,540,607,69.7,100.0,92.2,237900000.0,237900000.0,219340000.0,2,8,70.0,67.2,53.4,0,CRITICAL,1,229
856,Water Resources Project #856,Water Resources,Sikkim,900,960,92.4,97.4,94.1,456150000.0,456150000.0,429240000.0,1,10,80.1,79.2,87.8,0,AT_RISK,0,0
857,Education & Social Infrastructure Project #857,Education & Social Infrastructure,Maharashtra,365,395,87.7,94.3,90.2,359290000.0,359290000.0,324080000.0,2,8,88.2,91.8,68.0,2,AT_RISK,0,0
858,Railways Project #858,Railways,Tripura,1460,1523,76.6,98.0,76.8,160770000.0,134890000.0,103600000.0,1,5,74.2,62.1,66.9,0,CRITICAL,1,132
859,Education & Social Infrastructure Project #859,Education & Social Infrastructure,Tripura,730,393,47.1,53.3,56.6,315890000.0,200060000.0,113230000.0,0,10,82.1,72.2,81.9,0,ON_TRACK,0,0
860,Water Resources Project #860,Water Resources,Maharashtra,1095,371,16.1,27.2,24.6,373460000.0,143290000.0,35250000.0,1,10,65.8,37.6,53.5,0,AT_RISK,0,0
861,Railways Project #861,Railways,Uttar Pradesh,365,107,12.6,24.0,12.3,77520000.0,19170000.0,2360000.0,1,8,78.2,61.9,80.8,1,AT_RISK,0,0
862,Road Transport & Highways Project #862,Road Transport & Highways,Uttar Pradesh,730,629,78.5,94.9,85.8,145520000.0,145520000.0,124860000.0,1,4,38.4,65.8,95.9,1,AT_RISK,0,0
863,Health & Family Welfare Project #863,Health & Family Welfare,Madhya Pradesh,540,519,88.8,95.1,100.0,222770000.0,222770000.0,222770000.0,1,10,72.8,57.7,46.5,1,AT_RISK,0,0
864,Water Resources Project #864,Water Resources,Madhya Pradesh,365,339,78.7,94.3,73.9,134910000.0,118790000.0,87790000.0,1,6,74.6,57.0,64.9,1,CRITICAL,1,111
865,Power & Renewable Energy Project #865,Power & Renewable Energy,Tripura,730,229,11.1,26.6,27.4,110390000.0,40960000.0,11220000.0,1,4,57.0,35.6,42.1,0,CRITICAL,1,127
866,Road Transport & Highways Project #866,Road Transport & Highways,Mizoram,540,402,72.4,84.6,71.6,384610000.0,298710000.0,213880000.0,1,10,69.0,54.4,84.4,1,CRITICAL,1,122
867,Water Resources Project #867,Water Resources,West Bengal,540,92,8.2,9.9,7.5,124810000.0,17420000.0,1310000.0,1,6,92.9,63.1,75.8,0,AT_RISK,0,0
868,Digital Governance Project #868,Digital Governance,Mizoram,365,372,74.6,96.4,78.4,32910000.0,29220000.0,22910000.0,2,6,58.5,30.0,87.4,0,CRITICAL,1,163
869,Water Resources Project #869,Water Resources,Nagaland,540,98,8.7,13.4,4.0,34880000.0,5260000.0,210000.0,1,6,80.7,53.9,74.1,3,AT_RISK,0,0
870,Railways Project #870,Railways,Maharashtra,180,71,25.3,35.2,33.1,387970000.0,170670000.0,56490000.0,0,6,81.8,84.4,86.0,0,DELAYED,1,57
871,Education & Social Infrastructure Project #871,Education & Social Infrastructure,Uttar Pradesh,540,138,13.7,16.2,18.7,407930000.0,120270000.0,22490000.0,2,10,91.5,47.7,64.8,4,AT_RISK,0,0
872,Education & Social Infrastructure Project #872,Education & Social Infrastructure,Arunachal Pradesh,730,594,62.5,89.2,68.8,393640000.0,319720000.0,219970000.0,3,10,54.0,61.5,61.0,0,CRITICAL,1,228
873,Power & Renewable Energy Project #873,Power & Renewable Energy,Uttar Pradesh,270,113,14.6,39.0,31.1,360850000.0,153860000.0,47850000.0,2,8,49.2,72.5,59.8,0,CRITICAL,1,199
874,Digital Governance Project #874,Digital Governance,Gujarat,540,471,61.3,92.8,79.9,20030000.0,18270000.0,14600000.0,3,8,65.8,41.6,27.2,2,CRITICAL,1,243
875,Digital Governance Project #875,Digital Governance,Arunachal Pradesh,730,82,9.4,8.8,9.3,225840000.0,38490000.0,3580000.0,0,5,70.1,43.9,80.3,1,ON_TRACK,0,0
876,Urban Development Project #876,Urban Development,Tamil Nadu,540,156,20.5,25.0,25.8,287840000.0,100090000.0,25820000.0,0,4,78.6,55.8,77.8,1,ON_TRACK,0,0
877,Health & Family Welfare Project #877,Health & Family Welfare,Tamil Nadu,540,446,74.6,86.9,77.3,186940000.0,167270000.0,129300000.0,2,10,87.2,76.5,73.8,0,AT_RISK,0,0
878,Water Resources Project #878,Water Resources,Assam,540,347,64.7,71.1,62.3,179930000.0,138550000.0,86320000.0,1,6,84.8,77.7,59.3,2,AT_RISK,0,0
879,Education & Social Infrastructure Project #879,Education & Social Infrastructure,Arunachal Pradesh,540,488,90.5,93.6,97.1,66640000.0,66640000.0,64710000.0,1,10,89.2,72.3,87.3,3,AT_RISK,0,0
880,Education & Social Infrastructure Project #880,Education & Social Infrastructure,Karnataka,365,158,26.4,39.4,46.3,41520000.0,25220000.0,11680000.0,1,8,46.5,46.4,67.1,0,CRITICAL,1,107
881,Education & Social Infrastructure Project #881,Education & Social Infrastructure,Bihar,540,246,36.9,45.1,44.9,339050000.0,172540000.0,77470000.0,0,5,79.5,56.1,67.4,0,ON_TRACK,0,0
882,Railways Project #882,Railways,Arunachal Pradesh,365,376,79.7,94.9,93.3,223280000.0,223280000.0,208320000.0,1,10,55.0,70.6,66.5,0,CRITICAL,1,121
883,Railways Project #883,Railways,Tamil Nadu,730,787,85.5,93.8,84.1,103650000.0,99300000.0,83510000.0,1,10,96.4,87.3,74.1,2,CRITICAL,1,100
884,Health & Family Welfare Project #884,Health & Family Welfare,Bihar,730,419,51.8,61.4,58.6,154760000.0,105430000.0,61780000.0,0,4,86.9,72.2,58.9,0,ON_TRACK,0,0
885,Road Transport & Highways Project #885,Road Transport & Highways,Assam,540,354,68.5,72.2,72.2,176750000.0,138280000.0,99840000.0,1,5,86.2,84.6,89.6,0,AT_RISK,0,0
886,Road Transport & Highways Project #886,Road Transport & Highways,Maharashtra,540,186,10.5,29.0,27.9,367190000.0,144730000.0,40380000.0,1,4,70.5,74.3,38.0,1,AT_RISK,0,0
887,Power & Renewable Energy Project #887,Power & Renewable Energy,Rajasthan,540,583,85.4,95.8,83.0,89890000.0,85970000.0,71360000.0,1,8,68.6,69.0,87.3,1,AT_RISK,0,0
888,Education & Social Infrastructure Project #888,Education & Social Infrastructure,Madhya Pradesh,730,730,84.0,93.2,86.7,143040000.0,143000000.0,123980000.0,1,10,69.3,76.3,82.9,0,AT_RISK,0,0
889,Power & Renewable Energy Project #889,Power & Renewable Energy,Manipur,900,977,94.2,98.9,100.0,199380000.0,199380000.0,199380000.0,0,4,78.3,71.2,91.7,0,ON_TRACK,0,0
890,Education & Social Infrastructure Project #890,Education & Social Infrastructure,Odisha,540,175,21.9,25.3,27.7,489170000.0,199440000.0,55240000.0,1,10,68.7,64.6,63.2,1,AT_RISK,0,0
891,Digital Governance Project #891,Digital Governance,Mizoram,730,405,49.4,57.5,68.5,65560000.0,49580000.0,33960000.0,2,5,65.2,74.8,55.5,3,CRITICAL,1,114
892,Urban Development Project #892,Urban Development,Mizoram,365,374,83.3,94.3,83.8,128960000.0,118870000.0,99610000.0,1,4,91.6,74.1,65.8,0,AT_RISK,0,0
893,Road Transport & Highways Project #893,Road Transport & Highways,Nagaland,270,90,0.0,25.5,18.6,128240000.0,37770000.0,7030000.0,2,5,66.5,52.4,56.7,3,CRITICAL,1,187
894,Digital Governance Project #894,Digital Governance,Bihar,540,177,29.8,26.3,42.3,365570000.0,191380000.0,80950000.0,0,8,44.7,82.9,66.1,1,ON_TRACK,1,18
895,Water Resources Project #895,Water Resources,Bihar,540,107,12.4,15.8,12.6,92690000.0,24080000.0,3030000.0,1,4,47.7,76.5,78.1,0,AT_RISK,0,0
896,Education & Social Infrastructure Project #896,Education & Social Infrastructure,Tripura,365,287,75.5,85.7,73.6,15870000.0,13030000.0,9590000.0,1,8,86.3,44.4,66.3,0,CRITICAL,1,103
897,Power & Renewable Energy Project #897,Power & Renewable Energy,Odisha,180,141,56.8,85.3,64.8,203570000.0,147140000.0,95350000.0,2,8,62.2,55.0,50.2,0,CRITICAL,1,207
898,Digital Governance Project #898,Digital Governance,Maharashtra,900,569,60.0,64.6,67.5,163310000.0,129530000.0,87430000.0,1,10,72.5,81.1,63.1,2,AT_RISK,0,0
899,Digital Governance Project #899,Digital Governance,Odisha,365,235,55.8,71.0,51.6,189020000.0,107880000.0,55670000.0,1,6,64.2,64.4,86.5,0,CRITICAL,1,129
900,Education & Social Infrastructure Project #900,Education & Social Infrastructure,Gujarat,540,518,66.3,92.8,81.2,380270000.0,339100000.0,275350000.0,2,8,79.6,32.2,61.2,1,CRITICAL,1,195
901,Urban Development Project #901,Urban Development,Manipur,180,197,83.3,99.0,85.4,236350000.0,234560000.0,200310000.0,1,6,74.7,69.0,56.0,0,CRITICAL,1,113
902,Water Resources Project #902,Water Resources,Tamil Nadu,900,572,59.8,69.5,83.5,215100000.0,208930000.0,174460000.0,1,8,57.2,54.5,75.2,0,AT_RISK,0,0
903,Digital Governance Project #903,Digital Governance,Mizoram,540,416,74.8,82.5,90.3,210970000.0,204120000.0,184320000.0,1,6,81.0,51.1,59.4,0,AT_RISK,0,0
904,Power & Renewable Energy Project #904,Power & Renewable Energy,Arunachal Pradesh,730,704,81.6,96.9,91.5,44900000.0,44900000.0,41080000.0,1,8,77.5,30.0,76.0,0,CRITICAL,1,123
905,Railways Project #905,Railways,Tripura,270,279,93.1,96.7,96.3,461580000.0,461580000.0,444500000.0,1,6,84.0,67.8,81.5,2,DELAYED,1,55
906,Health & Family Welfare Project #906,Health & Family Welfare,Karnataka,365,399,84.4,99.9,90.0,352910000.0,352910000.0,317620000.0,1,6,66.5,58.0,83.9,1,CRITICAL,1,107
907,Urban Development Project #907,Urban Development,Maharashtra,730,757,88.0,98.2,95.4,487570000.0,487570000.0,465140000.0,1,6,81.1,88.9,57.1,0,CRITICAL,1,109
908,Education & Social Infrastructure Project #908,Education & Social Infrastructure,Gujarat,730,212,20.1,22.3,33.2,193030000.0,90470000.0,30040000.0,0,10,46.0,42.3,85.2,0,DELAYED,1,35
909,Health & Family Welfare Project #909,Health & Family Welfare,Maharashtra,540,391,70.8,80.0,77.6,465780000.0,418840000.0,325020000.0,0,8,65.5,72.6,88.0,0,ON_TRACK,0,0
910,Road Transport & Highways Project #910,Road Transport & Highways,Arunachal Pradesh,1460,1208,83.1,90.4,93.7,169960000.0,169960000.0,159250000.0,1,10,35.3,46.1,53.4,0,AT_RISK,0,0
911,Power & Renewable Energy Project #911,Power & Renewable Energy,Uttar Pradesh,1095,190,8.0,11.0,4.0,303070000.0,56450000.0,2260000.0,0,8,92.8,61.3,56.0,1,DELAYED,1,31
912,Digital Governance Project #912,Digital Governance,Assam,365,150,38.3,34.5,46.0,134130000.0,72170000.0,33200000.0,0,4,81.4,64.5,67.7,0,ON_TRACK,0,0
913,Road Transport & Highways Project #913,Road Transport & Highways,Manipur,270,308,82.3,96.8,82.5,275120000.0,248810000.0,205270000.0,1,8,47.1,79.4,76.8,0,AT_RISK,0,0
914,Road Transport & Highways Project #914,Road Transport & Highways,Nagaland,540,460,77.9,89.1,78.1,343100000.0,309230000.0,241510000.0,0,5,70.0,82.6,83.0,1,AT_RISK,0,0
915,Urban Development Project #915,Urban Development,Odisha,180,136,67.3,81.9,74.6,351630000.0,312460000.0,233100000.0,1,6,69.0,61.6,76.6,0,AT_RISK,0,0
916,Digital Governance Project #916,Digital Governance,Uttar Pradesh,365,181,37.8,51.7,40.0,437710000.0,198830000.0,79530000.0,1,8,54.1,80.7,74.3,0,AT_RISK,0,0
917,Water Resources Project #917,Water Resources,Nagaland,365,121,21.3,25.5,30.4,147720000.0,65980000.0,20060000.0,0,4,66.4,80.9,89.1,0,ON_TRACK,0,0
918,Road Transport & Highways Project #918,Road Transport & Highways,Tripura,365,59,0.0,13.2,10.7,106300000.0,25430000.0,2720000.0,1,6,60.0,58.3,61.9,0,AT_RISK,0,0
919,Digital Governance Project #919,Digital Governance,Rajasthan,730,654,76.7,90.9,76.3,39370000.0,32940000.0,25130000.0,1,5,49.9,75.0,77.8,0,CRITICAL,1,127
920,Water Resources Project #920,Water Resources,Arunachal Pradesh,540,541,85.4,95.1,92.9,363700000.0,363700000.0,337880000.0,1,4,82.2,86.7,93.3,1,AT_RISK,0,0
921,Urban Development Project #921,Urban Development,Madhya Pradesh,730,635,79.5,91.7,82.4,302550000.0,286670000.0,236220000.0,1,8,62.8,67.7,70.8,0,CRITICAL,1,123
922,Water Resources Project #922,Water Resources,Madhya Pradesh,180,25,6.4,9.1,5.0,139400000.0,17080000.0,850000.0,1,6,75.4,62.2,78.8,1,AT_RISK,0,0
923,Road Transport & Highways Project #923,Road Transport & Highways,Rajasthan,180,176,81.0,93.6,85.7,97250000.0,95900000.0,82190000.0,1,8,68.0,78.5,80.4,1,CRITICAL,1,113
924,Road Transport & Highways Project #924,Road Transport & Highways,Manipur,365,211,51.2,60.7,51.8,365410000.0,225130000.0,116620000.0,0,4,79.4,85.7,65.8,0,ON_TRACK,0,0
925,Road Transport & Highways Project #925,Road Transport & Highways,Meghalaya,1460,1525,84.6,97.5,87.1,89000000.0,89000000.0,77520000.0,2,10,66.7,65.4,90.2,0,CRITICAL,1,137
926,Power & Renewable Energy Project #926,Power & Renewable Energy,Arunachal Pradesh,365,309,71.6,90.7,70.7,400920000.0,342550000.0,242180000.0,1,6,86.6,60.4,63.3,0,AT_RISK,0,0
927,Digital Governance Project #927,Digital Governance,Tripura,730,496,75.6,76.0,77.1,113000000.0,102660000.0,79150000.0,0,4,76.9,92.7,57.5,0,ON_TRACK,0,0
928,Power & Renewable Energy Project #928,Power & Renewable Energy,Karnataka,365,358,87.7,100.0,85.6,191980000.0,190440000.0,163020000.0,2,6,81.4,67.2,80.2,3,CRITICAL,1,144
929,Health & Family Welfare Project #929,Health & Family Welfare,Uttar Pradesh,900,202,12.8,17.5,20.8,119870000.0,40530000.0,8430000.0,0,4,80.1,30.0,68.2,1,DELAYED,1,38
930,Road Transport & Highways Project #930,Road Transport & Highways,Manipur,900,674,64.3,83.4,74.3,270660000.0,224790000.0,167020000.0,1,4,74.4,60.5,71.6,3,CRITICAL,1,142
931,Power & Renewable Energy Project #931,Power & Renewable Energy,Rajasthan,730,401,43.7,55.4,46.1,361560000.0,203440000.0,93790000.0,1,6,73.1,83.3,78.4,2,AT_RISK,0,0
932,Railways Project #932,Railways,Nagaland,180,137,69.2,81.5,75.7,383380000.0,329160000.0,249170000.0,1,5,87.5,46.0,73.6,0,AT_RISK,0,0
933,Road Transport & Highways Project #933,Road Transport & Highways,Sikkim,540,406,54.6,78.6,68.6,475400000.0,378830000.0,259880000.0,3,10,80.0,49.3,54.2,0,CRITICAL,1,220
934,Urban Development Project #934,Urban Development,Nagaland,270,206,77.2,81.6,85.9,231560000.0,215700000.0,185290000.0,1,6,70.1,74.6,74.1,2,AT_RISK,0,0
935,Water Resources Project #935,Water Resources,Gujarat,270,192,80.2,81.4,82.2,321350000.0,310200000.0,254980000.0,0,6,73.8,59.1,76.8,0,ON_TRACK,0,0
936,Railways Project #936,Railways,Sikkim,540,251,38.9,43.2,34.7,476850000.0,227100000.0,78800000.0,1,6,83.9,75.3,44.5,0,AT_RISK,0,0
937,Digital Governance Project #937,Digital Governance,Manipur,540,400,59.3,81.2,82.8,158130000.0,152460000.0,126240000.0,2,6,34.3,63.5,78.2,2,AT_RISK,0,0
938,Health & Family Welfare Project #938,Health & Family Welfare,Arunachal Pradesh,900,480,61.7,55.2,85.1,211190000.0,196320000.0,167070000.0,0,8,54.7,43.5,74.6,0,ON_TRACK,0,0
939,Digital Governance Project #939,Digital Governance,West Bengal,730,516,74.2,77.4,71.6,103100000.0,86360000.0,61830000.0,0,5,69.7,76.4,95.2,1,ON_TRACK,0,0
940,Road Transport & Highways Project #940,Road Transport & Highways,Nagaland,365,323,83.3,88.5,80.7,313370000.0,284400000.0,229510000.0,2,10,79.4,89.8,70.7,2,AT_RISK,0,0
941,Health & Family Welfare Project #941,Health & Family Welfare,Madhya Pradesh,540,432,80.7,87.6,85.4,66850000.0,61050000.0,52140000.0,1,10,91.0,94.2,79.0,0,AT_RISK,0,0
942,Railways Project #942,Railways,Uttar Pradesh,270,143,50.3,55.0,54.8,398010000.0,249440000.0,136690000.0,0,5,71.7,80.0,57.1,1,ON_TRACK,0,0
943,Water Resources Project #943,Water Resources,Tamil Nadu,1095,315,18.8,23.4,19.8,43780000.0,13980000.0,2770000.0,0,10,86.9,42.0,58.4,1,ON_TRACK,0,0
944,Education & Social Infrastructure Project #944,Education & Social Infrastructure,Mizoram,900,371,20.4,39.7,20.9,363660000.0,126210000.0,26380000.0,2,10,66.9,44.3,78.8,0,CRITICAL,1,147
945,Road Transport & Highways Project #945,Road Transport & Highways,Assam,365,92,18.8,18.3,25.6,306660000.0,101320000.0,25940000.0,0,8,89.5,75.8,62.7,3,ON_TRACK,0,0
946,Urban Development Project #946,Urban Development,West Bengal,365,272,73.7,83.0,75.3,82070000.0,66730000.0,50250000.0,0,5,63.1,63.2,82.2,0,ON_TRACK,0,0
947,Railways Project #947,Railways,Uttar Pradesh,365,318,70.8,89.2,76.8,195550000.0,176770000.0,135760000.0,2,10,77.4,70.0,64.8,0,CRITICAL,1,168
948,Water Resources Project #948,Water Resources,Bihar,540,361,64.7,77.5,73.5,44880000.0,38340000.0,28180000.0,0,4,49.5,62.3,43.8,0,AT_RISK,0,0
949,Education & Social Infrastructure Project #949,Education & Social Infrastructure,Gujarat,1095,966,78.8,91.8,88.1,125220000.0,125220000.0,110320000.0,1,4,88.3,38.0,72.8,1,CRITICAL,1,95
950,Power & Renewable Energy Project #950,Power & Renewable Energy,Assam,1095,640,54.3,61.9,64.4,336020000.0,264590000.0,170400000.0,1,8,55.4,45.5,88.2,1,AT_RISK,0,0
951,Urban Development Project #951,Urban Development,Odisha,270,244,61.9,90.5,78.5,398210000.0,358070000.0,281080000.0,3,10,63.4,66.2,62.4,0,CRITICAL,1,220
952,Water Resources Project #952,Water Resources,Gujarat,365,60,5.7,12.0,7.6,176180000.0,22790000.0,1730000.0,1,6,78.7,57.6,62.3,0,AT_RISK,0,0
953,Education & Social Infrastructure Project #953,Education & Social Infrastructure,Rajasthan,365,149,30.5,33.6,36.1,444580000.0,227040000.0,81960000.0,0,6,58.2,89.7,77.4,0,ON_TRACK,0,0
954,Urban Development Project #954,Urban Development,Nagaland,365,72,13.3,16.2,17.5,286170000.0,69430000.0,12150000.0,0,4,93.6,60.2,92.1,0,ON_TRACK,0,0
955,Urban Development Project #955,Urban Development,Sikkim,540,350,62.2,70.0,64.3,482340000.0,367030000.0,236000000.0,1,5,74.6,54.0,84.6,0,AT_RISK,0,0
956,Digital Governance Project #956,Digital Governance,Manipur,365,412,91.1,98.3,91.0,478670000.0,478670000.0,435590000.0,0,4,77.3,62.1,76.5,0,ON_TRACK,0,0
957,Education & Social Infrastructure Project #957,Education & Social Infrastructure,West Bengal,730,490,59.3,74.1,62.0,383530000.0,265530000.0,164630000.0,2,4,70.3,75.2,75.6,4,CRITICAL,1,128
958,Health & Family Welfare Project #958,Health & Family Welfare,Gujarat,730,160,16.9,18.8,17.6,96160000.0,28680000.0,5050000.0,0,5,91.7,77.3,48.4,0,ON_TRACK,0,0
959,Urban Development Project #959,Urban Development,Tripura,365,244,67.5,75.7,72.6,417850000.0,331570000.0,240720000.0,2,10,69.3,67.4,57.2,2,AT_RISK,0,0
960,Education & Social Infrastructure Project #960,Education & Social Infrastructure,Rajasthan,540,113,9.4,14.7,15.4,373830000.0,98000000.0,15090000.0,0,10,89.2,75.3,71.6,0,ON_TRACK,0,0
961,Urban Development Project #961,Urban Development,Rajasthan,365,172,44.4,42.2,54.3,258730000.0,154050000.0,83650000.0,0,4,93.9,84.0,84.8,0,ON_TRACK,0,0
962,Power & Renewable Energy Project #962,Power & Renewable Energy,Arunachal Pradesh,540,97,6.6,10.1,28.9,478830000.0,162690000.0,47020000.0,1,5,61.5,56.0,51.7,1,DELAYED,1,68
963,Railways Project #963,Railways,Meghalaya,270,174,48.9,73.5,53.8,73500000.0,45700000.0,24590000.0,1,6,68.9,66.3,55.4,1,CRITICAL,1,154
964,Digital Governance Project #964,Digital Governance,Odisha,1095,790,76.1,80.9,82.6,498120000.0,449000000.0,370870000.0,1,6,90.4,76.1,85.3,3,DELAYED,1,77
965,Urban Development Project #965,Urban Development,Assam,540,312,56.2,62.0,61.4,423820000.0,301300000.0,185000000.0,0,5,82.5,77.0,67.2,0,ON_TRACK,0,0
966,Railways Project #966,Railways,Arunachal Pradesh,270,47,20.0,13.4,25.2,121800000.0,39940000.0,10060000.0,0,8,73.8,81.8,45.6,0,ON_TRACK,0,0
967,Road Transport & Highways Project #967,Road Transport & Highways,Maharashtra,180,180,75.8,91.1,83.0,179450000.0,166950000.0,138570000.0,0,6,87.7,54.9,63.8,0,CRITICAL,1,111
968,Digital Governance Project #968,Digital Governance,Rajasthan,180,79,30.8,41.6,45.5,444780000.0,248120000.0,112890000.0,1,10,71.9,30.9,75.9,0,AT_RISK,0,0
969,Digital Governance Project #969,Digital Governance,Maharashtra,730,352,43.4,48.2,48.6,166210000.0,101140000.0,49150000.0,1,8,59.1,72.7,69.0,0,DELAYED,1,71
970,Digital Governance Project #970,Digital Governance,Tripura,365,360,83.8,95.2,83.9,428060000.0,416420000.0,349380000.0,2,10,90.9,83.2,71.6,0,AT_RISK,0,0
971,Power & Renewable Energy Project #971,Power & Renewable Energy,Madhya Pradesh,365,171,40.0,46.0,41.8,111960000.0,57980000.0,24240000.0,0,4,59.7,67.3,77.5,0,DELAYED,1,48
972,Digital Governance Project #972,Digital Governance,Manipur,730,798,85.3,99.5,88.8,97790000.0,96550000.0,85740000.0,1,6,79.1,64.1,65.3,0,AT_RISK,0,0
973,Education & Social Infrastructure Project #973,Education & Social Infrastructure,Odisha,900,348,35.8,35.7,45.1,20090000.0,10770000.0,4860000.0,0,4,57.0,87.8,69.7,0,ON_TRACK,0,0
974,Digital Governance Project #974,Digital Governance,Bihar,1095,728,45.7,73.1,46.9,208810000.0,121380000.0,56930000.0,1,6,69.6,79.9,36.3,0,CRITICAL,1,163
975,Urban Development Project #975,Urban Development,Mizoram,730,719,81.5,93.2,76.9,179960000.0,161910000.0,124510000.0,1,6,83.9,74.6,81.0,0,AT_RISK,0,0
976,Water Resources Project #976,Water Resources,West Bengal,730,289,30.1,38.4,36.4,323740000.0,158060000.0,57530000.0,0,5,74.7,84.7,54.3,0,ON_TRACK,0,0
977,Water Resources Project #977,Water Resources,Gujarat,730,661,77.2,89.7,73.6,128760000.0,106060000.0,78060000.0,2,4,82.1,55.0,77.1,4,CRITICAL,1,119
978,Health & Family Welfare Project #978,Health & Family Welfare,Gujarat,540,552,82.6,93.5,92.1,419650000.0,416350000.0,383460000.0,1,4,92.3,66.0,46.4,0,AT_RISK,0,0
979,Water Resources Project #979,Water Resources,Karnataka,1095,514,43.1,46.0,41.2,136150000.0,74020000.0,30500000.0,1,8,50.7,86.0,92.9,0,AT_RISK,0,0
980,Power & Renewable Energy Project #980,Power & Renewable Energy,Maharashtra,270,186,61.1,78.3,64.7,80250000.0,58380000.0,37770000.0,3,10,76.5,46.8,40.0,2,CRITICAL,1,167
981,Urban Development Project #981,Urban Development,Madhya Pradesh,180,33,10.5,13.8,16.5,90270000.0,22520000.0,3720000.0,1,4,80.0,89.5,77.1,1,AT_RISK,0,0
982,Health & Family Welfare Project #982,Health & Family Welfare,Odisha,540,523,84.7,92.6,92.5,293970000.0,293970000.0,271920000.0,1,8,64.0,83.5,69.9,4,AT_RISK,0,0
983,Digital Governance Project #983,Digital Governance,West Bengal,1460,1372,75.4,90.6,77.0,481410000.0,412340000.0,317500000.0,1,6,65.7,90.0,53.0,2,AT_RISK,0,0
984,Health & Family Welfare Project #984,Health & Family Welfare,Rajasthan,900,575,52.1,67.6,53.3,464540000.0,297140000.0,158380000.0,2,10,65.2,66.2,67.4,0,CRITICAL,1,164
985,Health & Family Welfare Project #985,Health & Family Welfare,Arunachal Pradesh,540,431,71.7,86.6,79.9,464710000.0,406440000.0,324750000.0,0,5,74.3,70.4,65.9,0,AT_RISK,0,0
986,Digital Governance Project #986,Digital Governance,Sikkim,180,205,92.5,97.3,99.3,82520000.0,82520000.0,81940000.0,1,10,64.7,80.1,80.9,0,DELAYED,1,80
987,Railways Project #987,Railways,Karnataka,900,278,32.0,24.8,40.4,215100000.0,97910000.0,39560000.0,0,8,60.0,86.9,40.1,0,ON_TRACK,0,0
988,Power & Renewable Energy Project #988,Power & Renewable Energy,Bihar,365,99,13.4,18.5,12.0,197680000.0,39260000.0,4710000.0,1,4,74.7,58.9,90.7,3,DELAYED,1,59
989,Health & Family Welfare Project #989,Health & Family Welfare,Sikkim,540,241,13.5,36.3,13.6,99360000.0,23190000.0,3150000.0,2,8,61.4,37.7,70.2,0,CRITICAL,1,195
990,Education & Social Infrastructure Project #990,Education & Social Infrastructure,Meghalaya,540,196,30.1,29.0,34.2,330280000.0,136420000.0,46660000.0,0,10,50.7,76.9,74.1,0,ON_TRACK,1,15
991,Power & Renewable Energy Project #991,Power & Renewable Energy,Meghalaya,180,131,67.8,78.1,67.0,36280000.0,26580000.0,17810000.0,1,8,70.6,64.4,68.6,0,AT_RISK,0,0
992,Urban Development Project #992,Urban Development,Tamil Nadu,270,113,39.3,37.5,45.4,206940000.0,106310000.0,48260000.0,0,8,65.0,81.3,53.5,0,ON_TRACK,0,0
993,Power & Renewable Energy Project #993,Power & Renewable Energy,Maharashtra,540,610,86.8,98.9,94.9,497290000.0,497290000.0,471930000.0,1,8,75.6,53.4,77.7,0,CRITICAL,1,108
994,Health & Family Welfare Project #994,Health & Family Welfare,Rajasthan,365,221,57.2,66.9,67.1,84450000.0,64800000.0,43480000.0,0,5,69.7,59.2,82.5,0,DELAYED,1,65
995,Digital Governance Project #995,Digital Governance,Tripura,540,208,6.2,35.7,19.6,310100000.0,80920000.0,15860000.0,2,6,78.0,49.1,62.8,1,AT_RISK,0,0
996,Road Transport & Highways Project #996,Road Transport & Highways,Maharashtra,270,132,52.8,49.7,52.8,281310000.0,169840000.0,89680000.0,1,8,68.2,75.2,74.0,2,DELAYED,1,32
997,Health & Family Welfare Project #997,Health & Family Welfare,Assam,730,625,81.6,89.3,76.7,202630000.0,182770000.0,140180000.0,0,6,72.9,74.9,72.0,0,ON_TRACK,0,0
998,Digital Governance Project #998,Digital Governance,West Bengal,365,114,21.8,24.8,22.3,334590000.0,102770000.0,22920000.0,0,10,67.1,60.4,91.0,0,ON_TRACK,0,0
999,Health & Family Welfare Project #999,Health & Family Welfare,Uttar Pradesh,540,448,81.5,90.1,80.5,252310000.0,233310000.0,187810000.0,1,5,62.4,72.4,87.5,0,AT_RISK,0,0
1000,Health & Family Welfare Project #1000,Health & Family Welfare,Tamil Nadu,730,797,88.2,96.1,97.5,368430000.0,368430000.0,359220000.0,2,10,70.9,69.5,72.1,2,AT_RISK,0,0
1001,Digital Governance Project #1001,Digital Governance,Sikkim,365,222,46.9,68.8,67.0,293960000.0,239760000.0,160640000.0,2,8,55.7,82.0,41.4,0,CRITICAL,1,193
1002,Road Transport & Highways Project #1002,Road Transport & Highways,Bihar,180,51,17.4,22.1,25.8,280360000.0,89290000.0,23040000.0,1,8,73.8,86.9,81.3,0,DELAYED,1,67
1003,Health & Family Welfare Project #1003,Health & Family Welfare,Rajasthan,730,81,9.8,7.0,13.0,215860000.0,58490000.0,7600000.0,0,6,75.1,62.7,85.1,4,ON_TRACK,1,27
1004,Education & Social Infrastructure Project #1004,Education & Social Infrastructure,Gujarat,180,176,80.3,92.3,81.4,409110000.0,382590000.0,311430000.0,2,10,63.7,57.8,78.9,2,AT_RISK,0,0
1005,Urban Development Project #1005,Urban Development,Tamil Nadu,180,104,57.5,62.5,66.5,42250000.0,33340000.0,22170000.0,0,8,92.9,72.9,40.7,0,ON_TRACK,0,0
1006,Urban Development Project #1006,Urban Development,Meghalaya,900,642,71.2,76.6,69.6,63790000.0,52450000.0,36510000.0,0,8,67.1,66.2,83.0,1,ON_TRACK,0,0
1007,Road Transport & Highways Project #1007,Road Transport & Highways,Maharashtra,730,653,73.6,86.8,88.4,23210000.0,21890000.0,19350000.0,0,4,72.9,74.1,37.6,1,DELAYED,1,81
1008,Urban Development Project #1008,Urban Development,Sikkim,730,812,89.3,96.9,93.7,159140000.0,159140000.0,149110000.0,0,4,82.9,70.4,92.8,0,ON_TRACK,0,0
1009,Road Transport & Highways Project #1009,Road Transport & Highways,Nagaland,540,157,10.8,20.5,11.6,350470000.0,90930000.0,10550000.0,1,10,74.3,49.3,35.1,1,CRITICAL,1,109
1010,Health & Family Welfare Project #1010,Health & Family Welfare,Meghalaya,365,165,39.2,41.7,44.4,164270000.0,90490000.0,40180000.0,0,8,89.2,72.2,84.4,0,ON_TRACK,0,0
1011,Digital Governance Project #1011,Digital Governance,Uttar Pradesh,730,706,85.7,94.0,92.9,119080000.0,118000000.0,109620000.0,1,6,79.4,65.8,80.6,0,AT_RISK,0,0
1012,Health & Family Welfare Project #1012,Health & Family Welfare,Rajasthan,365,127,24.3,29.7,20.2,498730000.0,151750000.0,30650000.0,1,6,78.2,74.8,59.9,1,DELAYED,1,74
1013,Education & Social Infrastructure Project #1013,Education & Social Infrastructure,Madhya Pradesh,900,128,8.5,13.2,17.2,410400000.0,131500000.0,22620000.0,0,6,71.9,72.0,69.6,0,ON_TRACK,0,0
1014,Water Resources Project #1014,Water Resources,Odisha,730,441,57.9,67.5,59.7,309090000.0,225400000.0,134560000.0,0,8,84.6,50.1,64.8,1,DELAYED,1,86
1015,Education & Social Infrastructure Project #1015,Education & Social Infrastructure,Maharashtra,365,161,36.5,39.9,40.1,384970000.0,195590000.0,78430000.0,0,6,64.1,83.1,75.0,0,ON_TRACK,0,0
1016,Railways Project #1016,Railways,Nagaland,540,75,9.2,10.8,17.3,465910000.0,126010000.0,21800000.0,0,10,86.0,65.5,64.2,0,ON_TRACK,0,0
1017,Railways Project #1017,Railways,Manipur,365,330,81.7,91.1,87.5,476970000.0,476970000.0,417350000.0,0,8,94.3,77.2,69.0,0,ON_TRACK,0,0
1018,Digital Governance Project #1018,Digital Governance,Uttar Pradesh,540,484,65.3,92.7,83.1,152060000.0,141820000.0,117850000.0,3,5,94.1,49.2,49.1,3,CRITICAL,1,212
1019,Urban Development Project #1019,Urban Development,Odisha,900,415,41.0,41.7,50.8,187170000.0,118880000.0,60390000.0,0,5,74.6,83.1,90.9,0,ON_TRACK,0,0
1020,Road Transport & Highways Project #1020,Road Transport & Highways,Gujarat,365,99,23.6,19.9,20.4,274540000.0,89730000.0,18300000.0,0,8,69.6,82.5,53.3,1,ON_TRACK,0,0
1021,Education & Social Infrastructure Project #1021,Education & Social Infrastructure,Meghalaya,730,704,82.7,92.5,85.3,156060000.0,142660000.0,121690000.0,1,6,95.5,66.0,89.7,1,AT_RISK,0,0
1022,Water Resources Project #1022,Water Resources,Karnataka,365,115,4.6,23.7,18.1,445110000.0,130990000.0,23710000.0,1,6,31.9,89.9,62.8,0,CRITICAL,1,146
1023,Road Transport & Highways Project #1023,Road Transport & Highways,Sikkim,540,491,75.0,87.2,72.2,426630000.0,339950000.0,245440000.0,2,10,91.1,48.3,72.0,3,AT_RISK,0,0
1024,Urban Development Project #1024,Urban Development,Assam,180,137,70.0,84.1,76.3,26970000.0,24510000.0,18700000.0,0,4,58.0,42.6,85.2,1,AT_RISK,0,0
1025,Health & Family Welfare Project #1025,Health & Family Welfare,Nagaland,540,116,8.0,10.4,5.2,470940000.0,56070000.0,2920000.0,0,10,84.8,57.0,91.5,1,ON_TRACK,1,29
1026,Railways Project #1026,Railways,West Bengal,365,403,80.7,95.3,88.2,50880000.0,50120000.0,44210000.0,1,4,88.8,58.1,69.3,0,AT_RISK,0,0
1027,Education & Social Infrastructure Project #1027,Education & Social Infrastructure,Mizoram,180,130,63.5,81.0,73.1,31170000.0,25810000.0,18870000.0,1,5,47.4,72.7,67.5,0,AT_RISK,0,0
1028,Urban Development Project #1028,Urban Development,Assam,365,393,70.3,95.5,71.8,342170000.0,275520000.0,197820000.0,1,5,55.0,64.8,61.8,0,AT_RISK,0,0
1029,Education & Social Infrastructure Project #1029,Education & Social Infrastructure,Nagaland,540,544,61.8,94.5,76.0,234480000.0,201410000.0,153070000.0,2,5,42.3,46.5,59.9,0,CRITICAL,1,211
1030,Education & Social Infrastructure Project #1030,Education & Social Infrastructure,Meghalaya,365,302,68.8,89.0,82.9,48630000.0,45180000.0,37450000.0,1,5,68.8,54.5,59.6,1,AT_RISK,0,0
1031,Road Transport & Highways Project #1031,Road Transport & Highways,Nagaland,540,534,76.7,93.8,78.0,393260000.0,346140000.0,269990000.0,3,8,48.5,60.6,58.2,2,AT_RISK,0,0
1032,Digital Governance Project #1032,Digital Governance,Manipur,365,355,89.3,96.4,99.8,242770000.0,242770000.0,242280000.0,0,4,55.5,83.8,56.3,0,DELAYED,1,57
1033,Road Transport & Highways Project #1033,Road Transport & Highways,Arunachal Pradesh,365,419,84.1,100.0,81.7,262290000.0,229630000.0,187610000.0,2,8,75.1,77.1,90.3,4,CRITICAL,1,132
1034,Health & Family Welfare Project #1034,Health & Family Welfare,Rajasthan,365,133,26.2,27.1,23.3,250660000.0,81500000.0,18990000.0,0,6,85.1,59.8,63.3,0,ON_TRACK,0,0
1035,Health & Family Welfare Project #1035,Health & Family Welfare,Maharashtra,365,347,78.1,92.2,94.6,16790000.0,16790000.0,15880000.0,1,6,25.0,58.0,65.3,1,AT_RISK,0,0
1036,Road Transport & Highways Project #1036,Road Transport & Highways,Nagaland,540,611,87.6,95.9,95.8,178430000.0,178430000.0,170940000.0,1,5,71.5,72.4,69.1,1,DELAYED,1,72
1037,Railways Project #1037,Railways,Bihar,365,403,74.0,97.1,83.0,241660000.0,234300000.0,194470000.0,2,8,71.9,55.1,62.4,1,CRITICAL,1,184
1038,Health & Family Welfare Project #1038,Health & Family Welfare,Uttar Pradesh,365,212,53.2,62.4,52.0,363740000.0,217530000.0,113120000.0,0,4,82.6,63.1,80.6,0,ON_TRACK,0,0
1039,Education & Social Infrastructure Project #1039,Education & Social Infrastructure,Tripura,365,90,17.6,18.4,25.9,67650000.0,21870000.0,5660000.0,1,4,79.2,70.1,86.4,3,DELAYED,1,51
1040,Education & Social Infrastructure Project #1040,Education & Social Infrastructure,Manipur,365,312,80.8,90.4,77.9,303260000.0,272310000.0,212130000.0,2,4,86.7,81.5,42.6,2,AT_RISK,0,0
1041,Health & Family Welfare Project #1041,Health & Family Welfare,West Bengal,270,174,60.8,67.5,68.8,74150000.0,59440000.0,40890000.0,0,8,73.5,79.1,59.7,0,ON_TRACK,0,0
1042,Urban Development Project #1042,Urban Development,Meghalaya,540,189,32.6,31.3,41.4,353710000.0,194500000.0,80520000.0,0,10,86.1,82.7,55.0,0,ON_TRACK,1,16
1043,Education & Social Infrastructure Project #1043,Education & Social Infrastructure,Meghalaya,730,377,42.7,50.9,50.9,451720000.0,294880000.0,150090000.0,1,8,49.0,69.5,68.5,0,AT_RISK,0,0
1044,Railways Project #1044,Railways,Rajasthan,730,96,12.0,10.6,16.0,198710000.0,60410000.0,9670000.0,0,10,74.6,59.1,71.0,1,ON_TRACK,0,0
1045,Railways Project #1045,Railways,Gujarat,730,641,78.8,90.9,78.9,380840000.0,322060000.0,254110000.0,1,5,85.5,51.4,68.2,0,AT_RISK,0,0
1046,Water Resources Project #1046,Water Resources,Nagaland,365,223,47.2,67.4,54.4,114580000.0,74200000.0,40360000.0,2,4,52.7,81.2,42.4,4,CRITICAL,1,152
1047,Digital Governance Project #1047,Digital Governance,Tamil Nadu,730,766,88.5,95.3,88.8,310760000.0,306740000.0,272390000.0,1,5,71.8,55.7,83.3,0,AT_RISK,0,0
1048,Railways Project #1048,Railways,Arunachal Pradesh,365,224,56.7,64.2,64.1,393100000.0,305620000.0,195900000.0,2,6,81.0,55.9,70.4,3,CRITICAL,1,112
1049,Railways Project #1049,Railways,Rajasthan,900,895,82.4,97.0,99.5,104890000.0,104890000.0,104370000.0,1,5,73.7,57.1,53.1,0,CRITICAL,1,132
1050,Urban Development Project #1050,Urban Development,Arunachal Pradesh,365,88,27.8,19.2,32.8,85780000.0,32900000.0,10790000.0,0,4,73.3,77.7,87.3,1,ON_TRACK,1,15
1051,Power & Renewable Energy Project #1051,Power & Renewable Energy,West Bengal,270,254,72.5,92.1,83.0,106380000.0,95050000.0,78890000.0,1,5,54.6,78.4,58.8,0,AT_RISK,0,0
1052,Water Resources Project #1052,Water Resources,West Bengal,365,67,15.3,11.7,16.9,352480000.0,91540000.0,15470000.0,0,5,72.3,90.8,48.2,0,ON_TRACK,1,18
1053,Railways Project #1053,Railways,Rajasthan,365,152,35.4,37.8,42.1,427890000.0,214430000.0,90280000.0,0,5,86.9,71.1,84.1,1,DELAYED,1,49
1054,Digital Governance Project #1054,Digital Governance,Sikkim,180,99,41.0,55.5,63.7,98420000.0,68010000.0,43320000.0,0,4,56.3,66.7,41.5,0,DELAYED,1,89
1055,Road Transport & Highways Project #1055,Road Transport & Highways,Karnataka,540,260,45.7,47.9,46.7,473640000.0,248790000.0,116180000.0,0,5,49.8,75.1,65.4,0,ON_TRACK,0,0
1056,Road Transport & Highways Project #1056,Road Transport & Highways,Karnataka,730,829,84.2,95.9,86.5,79640000.0,79640000.0,68890000.0,2,8,67.0,58.1,75.3,2,CRITICAL,1,147
1057,Water Resources Project #1057,Water Resources,Tripura,270,304,82.7,97.8,87.4,135260000.0,132190000.0,115530000.0,1,6,58.3,77.6,58.8,0,AT_RISK,0,0
1058,Power & Renewable Energy Project #1058,Power & Renewable Energy,Karnataka,730,588,59.7,83.7,80.5,331680000.0,300490000.0,241890000.0,1,6,75.2,54.6,61.6,0,AT_RISK,0,0
1059,Urban Development Project #1059,Urban Development,Madhya Pradesh,540,406,69.4,78.8,92.4,283770000.0,283630000.0,262070000.0,0,8,71.5,42.3,75.7,0,ON_TRACK,0,0
1060,Railways Project #1060,Railways,Madhya Pradesh,540,350,62.1,71.1,67.3,38920000.0,29440000.0,19810000.0,1,4,96.4,67.2,70.9,0,CRITICAL,1,104
1061,Road Transport & Highways Project #1061,Road Transport & Highways,Karnataka,1460,1308,81.6,91.9,79.8,48240000.0,43240000.0,34510000.0,1,8,65.7,82.6,60.7,4,CRITICAL,1,106
1062,Water Resources Project #1062,Water Resources,Tamil Nadu,270,58,9.4,17.8,13.1,401930000.0,94010000.0,12320000.0,1,10,76.5,50.8,77.6,0,AT_RISK,0,0
1063,Water Resources Project #1063,Water Resources,Sikkim,540,124,21.3,18.0,23.0,303350000.0,106900000.0,24590000.0,0,6,92.3,44.9,66.2,0,ON_TRACK,0,0
1064,Education & Social Infrastructure Project #1064,Education & Social Infrastructure,Assam,365,137,6.6,28.7,28.7,82900000.0,35700000.0,10250000.0,2,10,45.3,73.8,33.1,0,CRITICAL,1,180
1065,Education & Social Infrastructure Project #1065,Education & Social Infrastructure,Bihar,180,172,80.7,94.3,83.3,323330000.0,306190000.0,255060000.0,3,8,55.0,77.3,75.5,2,AT_RISK,0,0
1066,Water Resources Project #1066,Water Resources,Meghalaya,365,235,63.2,67.9,61.1,467290000.0,323640000.0,197740000.0,2,10,88.6,79.7,83.9,2,AT_RISK,0,0
1067,Water Resources Project #1067,Water Resources,Arunachal Pradesh,900,906,86.6,97.4,92.0,145430000.0,145430000.0,133800000.0,1,6,70.9,57.5,88.4,1,AT_RISK,0,0
1068,Digital Governance Project #1068,Digital Governance,Maharashtra,900,838,76.7,91.9,80.4,456970000.0,397440000.0,319540000.0,1,6,88.2,53.0,65.0,0,AT_RISK,0,0
1069,Power & Renewable Energy Project #1069,Power & Renewable Energy,Arunachal Pradesh,365,355,87.1,93.8,83.0,39330000.0,36070000.0,29940000.0,1,4,87.5,78.9,84.3,1,CRITICAL,1,100
1070,Urban Development Project #1070,Urban Development,Sikkim,730,360,36.8,48.2,34.9,83260000.0,37460000.0,13070000.0,0,5,76.5,82.5,50.9,0,DELAYED,1,85
1071,Road Transport & Highways Project #1071,Road Transport & Highways,Mizoram,365,47,6.4,10.3,13.8,451570000.0,122140000.0,16860000.0,1,5,73.3,57.2,82.6,0,AT_RISK,0,0
1072,Health & Family Welfare Project #1072,Health & Family Welfare,Rajasthan,540,595,58.4,98.5,67.3,277020000.0,209540000.0,141020000.0,2,5,60.5,55.0,41.6,0,CRITICAL,1,246
1073,Road Transport & Highways Project #1073,Road Transport & Highways,Maharashtra,540,239,33.0,37.2,37.6,211630000.0,97470000.0,36650000.0,1,10,82.2,68.5,74.4,0,AT_RISK,0,0
1074,Railways Project #1074,Railways,West Bengal,540,463,77.3,89.4,82.0,198120000.0,191990000.0,157430000.0,1,8,70.8,57.0,55.6,0,AT_RISK,0,0
1075,Road Transport & Highways Project #1075,Road Transport & Highways,Gujarat,540,87,0.0,10.6,6.7,141330000.0,18700000.0,1250000.0,1,10,54.1,69.9,79.3,0,CRITICAL,1,113
1076,Water Resources Project #1076,Water Resources,Madhya Pradesh,900,820,84.5,94.3,97.6,66460000.0,66460000.0,64860000.0,1,4,78.7,51.0,60.3,0,CRITICAL,1,107
1077,Urban Development Project #1077,Urban Development,Arunachal Pradesh,365,70,2.4,12.4,26.4,475260000.0,196450000.0,51860000.0,1,10,51.9,45.7,79.7,0,CRITICAL,1,91
1078,Digital Governance Project #1078,Digital Governance,West Bengal,270,81,22.7,21.6,22.2,148050000.0,51810000.0,11500000.0,0,5,87.3,72.4,38.6,0,ON_TRACK,0,0
1079,Power & Renewable Energy Project #1079,Power & Renewable Energy,Sikkim,540,266,51.6,49.9,58.0,372630000.0,263500000.0,152830000.0,0,4,75.3,91.2,84.4,0,ON_TRACK,0,0
1080,Urban Development Project #1080,Urban Development,Rajasthan,365,263,60.8,79.7,66.6,452280000.0,351850000.0,234330000.0,1,6,51.6,72.1,87.4,1,CRITICAL,1,127
1081,Railways Project #1081,Railways,Tripura,900,1025,86.2,97.6,96.3,476550000.0,476550000.0,458920000.0,1,5,81.4,89.6,22.4,0,CRITICAL,1,108
1082,Road Transport & Highways Project #1082,Road Transport & Highways,Uttar Pradesh,730,245,28.5,28.5,29.2,116570000.0,48540000.0,14170000.0,0,10,75.1,67.5,75.3,0,ON_TRACK,0,0
1083,Water Resources Project #1083,Water Resources,Karnataka,270,68,10.9,18.5,17.5,436460000.0,137000000.0,23980000.0,1,6,50.5,46.3,84.6,3,CRITICAL,1,102
1084,Road Transport & Highways Project #1084,Road Transport & Highways,Gujarat,365,310,73.2,89.3,70.0,277370000.0,214300000.0,150010000.0,0,5,73.3,43.1,89.6,0,DELAYED,1,86
1085,Health & Family Welfare Project #1085,Health & Family Welfare,Assam,540,467,79.9,92.3,88.3,421810000.0,421810000.0,372460000.0,1,5,83.1,88.3,50.2,0,CRITICAL,1,121
1086,Urban Development Project #1086,Urban Development,Assam,270,181,72.4,74.0,81.6,286850000.0,259800000.0,212000000.0,0,10,75.0,81.9,85.9,0,ON_TRACK,0,0
1087,Railways Project #1087,Railways,Maharashtra,730,137,10.4,11.0,20.0,293900000.0,83100000.0,16620000.0,0,8,79.6,65.7,54.6,0,ON_TRACK,1,15
1088,Road Transport & Highways Project #1088,Road Transport & Highways,Karnataka,540,76,9.2,10.8,4.6,90610000.0,16810000.0,770000.0,0,10,86.9,80.7,69.9,1,ON_TRACK,1,28
1089,Power & Renewable Energy Project #1089,Power & Renewable Energy,Mizoram,1095,1243,87.9,98.2,90.1,496110000.0,476190000.0,429050000.0,1,5,89.6,83.8,79.7,0,DELAYED,1,88
1090,Digital Governance Project #1090,Digital Governance,Assam,365,399,92.3,97.6,96.9,141080000.0,141080000.0,136710000.0,2,8,90.9,64.4,58.4,2,CRITICAL,1,92
1091,Health & Family Welfare Project #1091,Health & Family Welfare,Meghalaya,270,56,9.5,12.1,18.4,57830000.0,18310000.0,3370000.0,0,6,80.6,74.7,50.6,1,ON_TRACK,1,28
1092,Railways Project #1092,Railways,Nagaland,540,125,18.8,17.2,26.5,150270000.0,50970000.0,13510000.0,0,8,78.6,65.6,59.4,0,ON_TRACK,0,0
1093,Power & Renewable Energy Project #1093,Power & Renewable Energy,Meghalaya,540,233,44.4,37.7,68.1,273950000.0,217750000.0,148290000.0,1,10,38.6,57.5,90.5,2,AT_RISK,0,0
1094,Road Transport & Highways Project #1094,Road Transport & Highways,Gujarat,540,465,76.7,90.7,95.0,433000000.0,433000000.0,411350000.0,1,8,51.0,39.8,56.8,0,CRITICAL,1,133
1095,Education & Social Infrastructure Project #1095,Education & Social Infrastructure,Bihar,270,194,77.1,80.2,84.2,491280000.0,447530000.0,376820000.0,1,10,57.2,65.8,95.7,2,AT_RISK,0,0
1096,Power & Renewable Energy Project #1096,Power & Renewable Energy,Rajasthan,365,193,41.4,53.6,41.8,164670000.0,85150000.0,35590000.0,2,6,86.3,69.2,47.0,2,CRITICAL,1,127
1097,Digital Governance Project #1097,Digital Governance,Maharashtra,270,247,83.4,88.4,93.1,478010000.0,478010000.0,445030000.0,0,6,77.9,76.7,63.0,1,DELAYED,1,36
1098,Railways Project #1098,Railways,Madhya Pradesh,1095,1175,61.6,96.8,83.6,420460000.0,393280000.0,328780000.0,4,10,70.6,61.5,61.8,0,CRITICAL,1,275
1099,Education & Social Infrastructure Project #1099,Education & Social Infrastructure,Madhya Pradesh,180,110,55.5,66.5,64.6,161970000.0,118350000.0,76450000.0,1,4,89.6,56.6,82.6,0,AT_RISK,0,0
1100,Digital Governance Project #1100,Digital Governance,Mizoram,270,193,73.4,80.0,80.8,62890000.0,57160000.0,46190000.0,0,4,88.2,64.5,76.4,0,ON_TRACK,0,0
1101,Power & Renewable Energy Project #1101,Power & Renewable Energy,Assam,540,153,23.5,21.3,20.2,202220000.0,65940000.0,13320000.0,1,8,89.2,85.4,77.7,3,AT_RISK,0,0
1102,Water Resources Project #1102,Water Resources,Maharashtra,540,493,76.5,89.7,74.6,207370000.0,174140000.0,129910000.0,1,6,72.1,63.4,71.5,2,AT_RISK,0,0
1103,Railways Project #1103,Railways,Uttar Pradesh,900,903,84.9,96.4,86.2,55040000.0,53700000.0,46290000.0,1,8,55.7,64.4,83.8,0,CRITICAL,1,120
1104,Road Transport & Highways Project #1104,Road Transport & Highways,Nagaland,540,541,79.9,93.4,81.9,410490000.0,365590000.0,299420000.0,1,10,70.5,68.0,80.4,0,AT_RISK,0,0
1105,Water Resources Project #1105,Water Resources,Manipur,730,282,32.9,34.9,32.8,417030000.0,177960000.0,58370000.0,0,8,60.4,87.5,77.3,0,ON_TRACK,0,0
1106,Road Transport & Highways Project #1106,Road Transport & Highways,Nagaland,900,853,82.7,95.3,89.7,270300000.0,268960000.0,241260000.0,1,6,57.3,77.5,85.5,0,AT_RISK,0,0
1107,Urban Development Project #1107,Urban Development,Manipur,1095,197,15.1,15.1,14.6,102850000.0,20950000.0,3060000.0,0,6,64.6,65.0,82.1,1,ON_TRACK,0,0
1108,Education & Social Infrastructure Project #1108,Education & Social Infrastructure,Bihar,730,133,9.7,15.0,8.0,384030000.0,61540000.0,4920000.0,1,10,55.6,67.2,81.5,0,AT_RISK,0,0
1109,Digital Governance Project #1109,Digital Governance,Odisha,270,179,64.5,73.0,68.6,496580000.0,413360000.0,283560000.0,1,8,86.2,77.7,86.2,0,AT_RISK,0,0
1110,Education & Social Infrastructure Project #1110,Education & Social Infrastructure,Odisha,540,586,83.2,97.2,88.5,402460000.0,387040000.0,342530000.0,2,4,62.4,51.9,85.7,4,CRITICAL,1,135
1111,Digital Governance Project #1111,Digital Governance,Tamil Nadu,730,84,14.5,8.9,17.9,157230000.0,51690000.0,9250000.0,0,4,75.6,86.8,72.1,0,ON_TRACK,0,0
1112,Urban Development Project #1112,Urban Development,Uttar Pradesh,540,327,58.7,68.2,62.9,121390000.0,93010000.0,58500000.0,1,8,69.5,65.8,83.5,2,CRITICAL,1,91
1113,Digital Governance Project #1113,Digital Governance,West Bengal,365,132,28.5,28.6,26.8,217170000.0,81500000.0,21840000.0,0,4,84.9,91.2,81.5,0,ON_TRACK,1,27
1114,Power & Renewable Energy Project #1114,Power & Renewable Energy,Arunachal Pradesh,730,763,82.2,93.1,88.7,72160000.0,72160000.0,64010000.0,1,6,59.4,63.1,88.9,0,CRITICAL,1,94
1115,Railways Project #1115,Railways,Arunachal Pradesh,540,74,0.1,7.3,5.8,329170000.0,50060000.0,2900000.0,0,5,91.8,87.9,40.2,0,ON_TRACK,0,0
1116,Road Transport & Highways Project #1116,Road Transport & Highways,Nagaland,270,103,32.9,31.4,41.0,422010000.0,227300000.0,93190000.0,0,8,94.7,40.5,61.6,0,ON_TRACK,0,0
1117,Education & Social Infrastructure Project #1117,Education & Social Infrastructure,Manipur,730,186,17.0,17.2,22.1,93760000.0,27110000.0,5990000.0,1,6,81.3,70.4,49.3,4,AT_RISK,0,0
1118,Urban Development Project #1118,Urban Development,Odisha,730,326,38.2,42.8,44.1,100180000.0,57430000.0,25330000.0,0,10,67.9,87.4,80.3,0,ON_TRACK,0,0
1119,Railways Project #1119,Railways,West Bengal,270,34,12.8,10.6,19.7,192150000.0,62640000.0,12340000.0,0,10,63.8,72.5,88.0,0,ON_TRACK,0,0
1120,Water Resources Project #1120,Water Resources,Odisha,270,247,70.6,90.4,73.9,125140000.0,104300000.0,77080000.0,1,8,55.0,90.0,64.3,0,AT_RISK,0,0
1121,Urban Development Project #1121,Urban Development,Uttar Pradesh,365,75,17.3,16.2,22.5,437220000.0,153510000.0,34540000.0,0,6,80.5,62.7,74.0,1,ON_TRACK,0,0
1122,Road Transport & Highways Project #1122,Road Transport & Highways,Maharashtra,365,90,10.7,14.0,25.9,277640000.0,91320000.0,23650000.0,0,10,48.4,87.7,46.4,0,ON_TRACK,0,0
1123,Urban Development Project #1123,Urban Development,Meghalaya,180,102,64.8,64.0,76.6,169120000.0,140430000.0,107570000.0,0,4,64.7,76.9,44.0,1,ON_TRACK,0,0
1124,Water Resources Project #1124,Water Resources,Mizoram,540,173,26.6,27.5,24.8,229190000.0,75590000.0,18750000.0,1,4,94.7,70.2,67.2,2,AT_RISK,0,0
1125,Education & Social Infrastructure Project #1125,Education & Social Infrastructure,Arunachal Pradesh,365,239,66.3,72.6,68.9,168960000.0,130330000.0,89800000.0,0,4,84.4,67.5,50.1,1,ON_TRACK,0,0
1126,Power & Renewable Energy Project #1126,Power & Renewable Energy,Maharashtra,365,224,52.3,65.4,77.0,109960000.0,100730000.0,77560000.0,1,4,80.3,61.2,22.9,0,AT_RISK,0,0
1127,Railways Project #1127,Railways,West Bengal,540,551,81.3,98.2,77.7,395190000.0,339620000.0,263880000.0,1,8,85.1,75.6,48.2,1,CRITICAL,1,127
1128,Road Transport & Highways Project #1128,Road Transport & Highways,Manipur,365,122,23.9,24.2,23.0,187620000.0,54940000.0,12640000.0,1,10,84.3,79.1,60.9,2,AT_RISK,0,0
1129,Digital Governance Project #1129,Digital Governance,Tamil Nadu,730,596,60.7,86.0,68.3,341130000.0,254660000.0,173930000.0,3,8,59.9,77.7,42.6,4,CRITICAL,1,215
1130,Railways Project #1130,Railways,Madhya Pradesh,270,143,47.5,54.2,53.7,301010000.0,179060000.0,96160000.0,0,10,95.8,85.4,94.2,0,ON_TRACK,0,0
1131,Health & Family Welfare Project #1131,Health & Family Welfare,Uttar Pradesh,730,199,18.1,20.4,36.3,293230000.0,145820000.0,52930000.0,2,8,41.0,51.7,77.2,3,AT_RISK,0,0
1132,Urban Development Project #1132,Urban Development,Mizoram,540,306,41.5,57.1,61.1,102350000.0,76000000.0,46440000.0,2,6,79.4,59.6,39.6,3,AT_RISK,0,0
1133,Digital Governance Project #1133,Digital Governance,Assam,365,100,18.0,20.3,36.3,314850000.0,131030000.0,47560000.0,0,10,57.6,62.4,38.3,0,ON_TRACK,0,0
1134,Health & Family Welfare Project #1134,Health & Family Welfare,Gujarat,365,274,63.4,81.8,73.6,375610000.0,302790000.0,222850000.0,1,6,67.7,30.0,44.0,0,CRITICAL,1,142
1135,Digital Governance Project #1135,Digital Governance,Mizoram,540,159,22.1,21.6,24.5,90840000.0,27850000.0,6820000.0,0,6,55.7,51.3,88.7,0,ON_TRACK,0,0
1136,Road Transport & Highways Project #1136,Road Transport & Highways,Uttar Pradesh,900,718,61.2,86.1,71.5,261560000.0,201800000.0,144290000.0,1,5,72.9,76.2,45.0,0,CRITICAL,1,153
1137,Power & Renewable Energy Project #1137,Power & Renewable Energy,Rajasthan,900,1029,90.2,97.7,87.8,348610000.0,343160000.0,301290000.0,1,8,64.7,84.2,72.4,0,DELAYED,1,84
1138,Power & Renewable Energy Project #1138,Power & Renewable Energy,Gujarat,180,45,22.4,17.0,21.6,137110000.0,45770000.0,9890000.0,1,10,66.6,70.3,84.4,3,DELAYED,1,39
1139,Urban Development Project #1139,Urban Development,Bihar,365,186,52.7,48.4,67.5,413830000.0,327190000.0,220850000.0,0,5,42.3,89.9,43.2,1,ON_TRACK,0,0
1140,Digital Governance Project #1140,Digital Governance,Tamil Nadu,540,84,0.0,8.6,12.0,375530000.0,82050000.0,9850000.0,0,4,61.2,61.6,54.3,0,DELAYED,1,53
1141,Digital Governance Project #1141,Digital Governance,Mizoram,540,503,82.5,93.7,91.6,408550000.0,408550000.0,374230000.0,1,4,65.4,72.0,81.9,0,AT_RISK,0,0
1142,Health & Family Welfare Project #1142,Health & Family Welfare,Tripura,730,655,85.8,92.3,82.7,489440000.0,451490000.0,373380000.0,2,6,90.1,67.0,79.9,2,AT_RISK,0,0
1143,Road Transport & Highways Project #1143,Road Transport & Highways,Uttar Pradesh,730,150,7.3,11.8,9.7,496450000.0,92210000.0,8940000.0,1,8,47.1,71.6,78.2,3,AT_RISK,0,0
1144,Railways Project #1144,Railways,Nagaland,730,353,42.0,47.8,60.9,240190000.0,175520000.0,106890000.0,0,6,75.1,38.5,61.1,0,ON_TRACK,0,0
1145,Urban Development Project #1145,Urban Development,Rajasthan,730,472,37.7,69.1,48.2,402060000.0,225180000.0,108540000.0,2,6,84.3,30.0,72.3,1,CRITICAL,1,224
1146,Digital Governance Project #1146,Digital Governance,Sikkim,540,351,69.4,73.6,70.8,32930000.0,26620000.0,18850000.0,1,4,79.2,68.4,56.8,3,AT_RISK,0,0
1147,Urban Development Project #1147,Urban Development,Arunachal Pradesh,270,76,23.7,18.7,33.3,499800000.0,211680000.0,70490000.0,0,4,52.0,58.7,62.2,0,ON_TRACK,0,0
1148,Digital Governance Project #1148,Digital Governance,Manipur,365,252,52.5,73.7,74.9,313990000.0,264170000.0,197860000.0,2,10,63.8,67.2,58.1,1,CRITICAL,1,173
1149,Water Resources Project #1149,Water Resources,Gujarat,1460,1049,74.9,80.4,80.6,287570000.0,246720000.0,198860000.0,0,4,80.9,61.6,77.5,0,ON_TRACK,0,0
1150,Urban Development Project #1150,Urban Development,Meghalaya,180,121,63.7,73.0,61.3,410750000.0,281110000.0,172320000.0,1,6,69.7,70.9,82.6,2,CRITICAL,1,106
1151,Digital Governance Project #1151,Digital Governance,Nagaland,540,430,71.0,87.2,85.8,293370000.0,286280000.0,245630000.0,1,6,47.6,56.7,73.9,1,CRITICAL,1,116
1152,Road Transport & Highways Project #1152,Road Transport & Highways,Uttar Pradesh,1095,252,12.5,15.0,17.5,371850000.0,111270000.0,19470000.0,1,6,66.0,86.0,65.0,2,DELAYED,1,55
1153,Urban Development Project #1153,Urban Development,Sikkim,900,884,77.9,95.1,73.2,179830000.0,150100000.0,109870000.0,1,5,86.0,77.1,44.0,1,AT_RISK,0,0
1154,Health & Family Welfare Project #1154,Health & Family Welfare,Madhya Pradesh,365,193,49.2,52.7,49.2,90570000.0,55760000.0,27430000.0,0,4,90.7,72.0,71.3,0,DELAYED,1,34
1155,Urban Development Project #1155,Urban Development,Bihar,365,387,84.4,97.2,84.8,206430000.0,192110000.0,162910000.0,1,5,91.5,67.1,68.9,0,AT_RISK,0,0
1156,Education & Social Infrastructure Project #1156,Education & Social Infrastructure,Mizoram,365,405,84.9,96.6,84.9,332250000.0,304750000.0,258730000.0,1,6,73.0,93.6,55.8,0,CRITICAL,1,117
1157,Water Resources Project #1157,Water Resources,Bihar,270,71,14.0,17.8,14.3,306010000.0,82690000.0,11820000.0,0,5,32.6,58.9,37.1,0,ON_TRACK,0,0
1158,Water Resources Project #1158,Water Resources,Rajasthan,540,59,9.2,6.3,4.5,456240000.0,53180000.0,2390000.0,1,10,80.4,63.0,82.9,2,AT_RISK,0,0
1159,Digital Governance Project #1159,Digital Governance,Karnataka,900,716,78.6,87.7,86.4,153020000.0,146920000.0,126940000.0,0,6,90.6,76.9,49.8,0,ON_TRACK,0,0
1160,Digital Governance Project #1160,Digital Governance,Tamil Nadu,540,410,80.1,84.4,87.5,209420000.0,208100000.0,182090000.0,0,5,83.2,72.8,58.0,0,ON_TRACK,0,0
1161,Education & Social Infrastructure Project #1161,Education & Social Infrastructure,Assam,1095,935,76.0,90.8,73.6,319500000.0,254020000.0,186960000.0,1,10,84.9,88.2,41.4,0,AT_RISK,0,0
1162,Health & Family Welfare Project #1162,Health & Family Welfare,Gujarat,365,408,88.6,99.8,84.0,366710000.0,356320000.0,299310000.0,2,5,78.8,55.1,78.4,4,AT_RISK,0,0
1163,Urban Development Project #1163,Urban Development,Arunachal Pradesh,540,90,8.2,12.0,8.2,404030000.0,90670000.0,7430000.0,1,5,66.7,82.1,76.5,1,AT_RISK,0,0
1164,Health & Family Welfare Project #1164,Health & Family Welfare,Mizoram,730,530,62.2,76.5,64.3,281970000.0,199530000.0,128300000.0,1,4,64.7,50.5,62.1,0,CRITICAL,1,114
1165,Water Resources Project #1165,Water Resources,West Bengal,540,533,78.4,92.9,85.9,428550000.0,423300000.0,363610000.0,1,5,59.5,55.1,95.0,0,CRITICAL,1,105
1166,Health & Family Welfare Project #1166,Health & Family Welfare,Karnataka,730,221,23.5,23.2,32.6,252940000.0,104070000.0,33930000.0,1,8,69.3,72.9,88.7,2,AT_RISK,0,0
1167,Digital Governance Project #1167,Digital Governance,Uttar Pradesh,900,318,36.8,28.7,54.7,181160000.0,122630000.0,67080000.0,0,5,70.2,45.0,69.7,2,ON_TRACK,0,0
1168,Digital Governance Project #1168,Digital Governance,Bihar,180,142,65.1,82.4,72.8,356820000.0,308620000.0,224680000.0,1,6,65.1,73.6,86.8,1,AT_RISK,0,0
1169,Railways Project #1169,Railways,Manipur,270,167,47.6,66.7,64.6,286720000.0,206170000.0,133190000.0,1,5,72.3,58.2,22.4,0,AT_RISK,0,0
1170,Digital Governance Project #1170,Digital Governance,Uttar Pradesh,540,303,52.0,60.3,60.6,210020000.0,158360000.0,95970000.0,1,8,45.6,85.2,78.5,0,DELAYED,1,84
1171,Digital Governance Project #1171,Digital Governance,Karnataka,180,77,32.8,37.6,35.1,148240000.0,72040000.0,25290000.0,1,10,79.6,60.5,47.6,1,DELAYED,1,68
1172,Water Resources Project #1172,Water Resources,Odisha,365,173,35.6,47.4,42.2,453830000.0,243410000.0,102720000.0,0,5,55.1,53.6,77.2,0,AT_RISK,0,0
1173,Digital Governance Project #1173,Digital Governance,Sikkim,730,699,76.2,94.3,88.3,66360000.0,64130000.0,56630000.0,2,10,90.8,30.0,43.3,3,CRITICAL,1,142
1174,Railways Project #1174,Railways,Odisha,365,378,64.9,99.2,77.2,14380000.0,11950000.0,9230000.0,4,8,53.5,67.9,55.2,3,CRITICAL,1,272
1175,Water Resources Project #1175,Water Resources,Gujarat,1460,1229,60.0,89.9,60.6,224070000.0,164770000.0,99850000.0,2,4,49.1,85.6,53.7,0,CRITICAL,1,199
1176,Water Resources Project #1176,Water Resources,Nagaland,730,624,78.8,88.9,87.2,117060000.0,117060000.0,102080000.0,1,5,59.8,83.7,65.3,3,CRITICAL,1,102
1177,Power & Renewable Energy Project #1177,Power & Renewable Energy,Rajasthan,900,555,62.2,67.8,71.6,191030000.0,147420000.0,105550000.0,1,10,62.4,70.6,82.3,1,AT_RISK,0,0
1178,Digital Governance Project #1178,Digital Governance,Gujarat,365,74,19.4,15.8,24.6,18100000.0,5580000.0,1370000.0,0,5,85.7,71.2,78.9,1,ON_TRACK,0,0
1179,Railways Project #1179,Railways,Madhya Pradesh,540,492,88.1,94.6,86.3,34780000.0,33550000.0,28950000.0,1,6,86.7,55.3,67.3,0,AT_RISK,0,0
1180,Urban Development Project #1180,Urban Development,Uttar Pradesh,270,27,9.3,8.2,4.6,107770000.0,15180000.0,700000.0,1,8,67.3,79.5,73.9,4,AT_RISK,0,0
1181,Education & Social Infrastructure Project #1181,Education & Social Infrastructure,Nagaland,730,520,64.1,76.0,60.0,52770000.0,38760000.0,23260000.0,2,10,93.0,80.8,63.0,1,AT_RISK,0,0
1182,Road Transport & Highways Project #1182,Road Transport & Highways,Gujarat,365,404,81.9,97.6,100.0,484250000.0,484250000.0,484250000.0,2,8,57.0,63.5,59.7,3,AT_RISK,0,0
1183,Power & Renewable Energy Project #1183,Power & Renewable Energy,Odisha,730,676,80.5,91.9,85.5,218290000.0,200250000.0,171210000.0,2,10,59.8,83.1,81.1,2,CRITICAL,1,117
1184,Urban Development Project #1184,Urban Development,Tripura,180,68,27.2,33.4,34.6,148740000.0,62500000.0,21620000.0,1,4,53.4,41.3,30.9,4,AT_RISK,0,0
1185,Health & Family Welfare Project #1185,Health & Family Welfare,West Bengal,540,251,38.8,47.3,40.7,268670000.0,145120000.0,59060000.0,0,5,84.7,43.3,62.3,0,ON_TRACK,0,0
1186,Railways Project #1186,Railways,West Bengal,365,42,9.5,9.6,14.9,255200000.0,68850000.0,10260000.0,0,8,78.4,73.9,66.1,0,DELAYED,1,37
1187,Digital Governance Project #1187,Digital Governance,Rajasthan,365,97,15.4,23.1,25.2,39210000.0,14300000.0,3600000.0,0,5,71.1,72.1,75.5,0,DELAYED,1,58
1188,Railways Project #1188,Railways,Meghalaya,730,511,72.7,76.1,78.6,160610000.0,138500000.0,108860000.0,1,6,66.6,66.0,75.6,1,AT_RISK,0,0
1189,Water Resources Project #1189,Water Resources,Meghalaya,180,206,79.2,96.4,77.3,346790000.0,288790000.0,223230000.0,2,6,83.9,75.3,67.4,3,AT_RISK,0,0
1190,Urban Development Project #1190,Urban Development,Meghalaya,365,123,18.2,24.7,22.5,127480000.0,37250000.0,8380000.0,0,4,89.5,54.1,51.7,0,ON_TRACK,0,0
1191,Water Resources Project #1191,Water Resources,Maharashtra,730,800,77.8,93.3,80.1,479170000.0,419500000.0,336020000.0,1,4,90.0,48.1,48.4,0,AT_RISK,0,0
1192,Water Resources Project #1192,Water Resources,Odisha,540,182,25.6,28.6,25.6,407140000.0,159420000.0,40810000.0,1,6,62.7,70.7,84.2,2,DELAYED,1,65
1193,Railways Project #1193,Railways,Manipur,730,157,8.3,14.9,10.0,16750000.0,2880000.0,290000.0,1,6,79.9,61.4,37.1,0,AT_RISK,0,0
1194,Health & Family Welfare Project #1194,Health & Family Welfare,Meghalaya,270,190,76.0,79.8,83.9,434690000.0,412720000.0,346270000.0,0,10,85.7,92.9,72.9,0,ON_TRACK,0,0
1195,Health & Family Welfare Project #1195,Health & Family Welfare,Tripura,540,439,73.7,87.3,77.0,39190000.0,34900000.0,26870000.0,2,8,79.8,64.4,78.6,2,CRITICAL,1,127
1196,Water Resources Project #1196,Water Resources,Tamil Nadu,270,100,27.0,29.9,27.3,223150000.0,83670000.0,22840000.0,0,5,51.6,82.8,90.9,0,ON_TRACK,0,0
1197,Health & Family Welfare Project #1197,Health & Family Welfare,Uttar Pradesh,365,50,8.2,5.2,28.5,124150000.0,46000000.0,13110000.0,0,8,74.2,66.5,28.8,0,ON_TRACK,0,0
1198,Railways Project #1198,Railways,Mizoram,270,300,85.6,97.9,86.8,456760000.0,426800000.0,370460000.0,1,6,79.6,41.4,78.6,0,AT_RISK,0,0
1199,Water Resources Project #1199,Water Resources,Rajasthan,900,134,4.8,9.5,9.5,306930000.0,53070000.0,5040000.0,1,10,77.0,83.3,91.5,0,DELAYED,1,77
1200,Railways Project #1200,Railways,Arunachal Pradesh,1460,960,66.3,70.8,64.1,487600000.0,353750000.0,226750000.0,1,5,67.8,84.8,66.5,0,DELAYED,1,82
1201,Digital Governance Project #1201,Digital Governance,West Bengal,730,248,21.9,25.7,39.4,106700000.0,54300000.0,21390000.0,1,6,75.6,31.1,69.2,1,DELAYED,1,73
1202,Digital Governance Project #1202,Digital Governance,Tripura,730,498,45.4,73.6,63.8,78160000.0,58070000.0,37050000.0,1,6,58.2,44.7,58.6,1,CRITICAL,1,164
1203,Railways Project #1203,Railways,Maharashtra,365,148,31.2,35.8,32.2,419150000.0,176610000.0,56870000.0,1,4,87.0,73.6,80.7,2,AT_RISK,0,0
1204,Digital Governance Project #1204,Digital Governance,Madhya Pradesh,540,209,34.7,36.1,32.4,371490000.0,139880000.0,45320000.0,1,5,84.2,85.6,83.0,2,AT_RISK,0,0
1205,Education & Social Infrastructure Project #1205,Education & Social Infrastructure,Gujarat,730,613,72.1,83.7,80.8,351190000.0,326480000.0,263800000.0,1,8,52.9,61.9,81.7,0,CRITICAL,1,104
1206,Digital Governance Project #1206,Digital Governance,Bihar,730,629,76.5,90.6,97.8,140670000.0,140670000.0,137580000.0,2,10,38.4,66.4,64.0,2,CRITICAL,1,158
1207,Urban Development Project #1207,Urban Development,Tamil Nadu,730,273,21.7,29.4,30.3,119970000.0,50560000.0,15320000.0,1,10,88.6,75.7,72.5,0,AT_RISK,0,0
1208,Urban Development Project #1208,Urban Development,Gujarat,365,95,19.5,18.3,24.3,382080000.0,129950000.0,31580000.0,0,8,50.8,60.7,92.0,0,DELAYED,1,35
1209,Water Resources Project #1209,Water Resources,Tamil Nadu,365,64,3.7,13.3,13.7,167980000.0,45560000.0,6240000.0,2,10,55.3,63.1,95.1,2,AT_RISK,0,0
1210,Urban Development Project #1210,Urban Development,Tamil Nadu,730,248,22.0,30.6,26.2,400270000.0,139760000.0,36620000.0,1,8,73.3,88.9,50.4,2,DELAYED,1,82
1211,Railways Project #1211,Railways,Madhya Pradesh,540,529,85.8,94.5,89.7,67100000.0,67100000.0,60190000.0,1,4,63.4,65.0,78.3,0,AT_RISK,0,0
1212,Health & Family Welfare Project #1212,Health & Family Welfare,Maharashtra,180,110,43.4,67.6,46.3,482740000.0,260390000.0,120560000.0,3,8,44.7,62.8,72.9,2,AT_RISK,0,0
1213,Health & Family Welfare Project #1213,Health & Family Welfare,Arunachal Pradesh,365,234,55.6,69.3,80.3,305190000.0,281970000.0,226420000.0,2,4,75.0,65.7,51.7,4,AT_RISK,0,0
1214,Urban Development Project #1214,Urban Development,Tamil Nadu,540,598,80.4,99.4,83.0,229120000.0,220370000.0,182910000.0,3,10,77.1,77.0,56.9,3,CRITICAL,1,177
1215,Road Transport & Highways Project #1215,Road Transport & Highways,Karnataka,540,550,73.8,92.7,77.5,358060000.0,319590000.0,247680000.0,1,4,67.5,72.4,78.2,0,CRITICAL,1,148
1216,Railways Project #1216,Railways,Rajasthan,270,267,86.7,96.5,88.0,43620000.0,43620000.0,38390000.0,1,4,81.1,89.5,80.7,0,AT_RISK,0,0
1217,Health & Family Welfare Project #1217,Health & Family Welfare,Manipur,540,520,75.4,93.1,70.7,73470000.0,61580000.0,43540000.0,1,8,68.1,88.6,41.9,0,CRITICAL,1,128
1218,Water Resources Project #1218,Water Resources,Uttar Pradesh,730,771,88.1,95.9,89.6,44920000.0,43000000.0,38530000.0,1,8,74.5,96.0,58.4,0,AT_RISK,0,0
1219,Digital Governance Project #1219,Digital Governance,Mizoram,730,173,16.0,19.2,18.9,208940000.0,54040000.0,10210000.0,0,6,93.5,70.4,91.0,0,ON_TRACK,0,0
1220,Water Resources Project #1220,Water Resources,Sikkim,270,164,58.5,67.2,59.1,83910000.0,61990000.0,36640000.0,0,8,71.5,76.3,54.6,1,DELAYED,1,73
1221,Railways Project #1221,Railways,Arunachal Pradesh,900,175,0.0,13.2,19.5,446510000.0,131820000.0,25700000.0,1,10,44.6,43.6,61.0,0,AT_RISK,0,0
1222,Health & Family Welfare Project #1222,Health & Family Welfare,Bihar,540,120,14.8,17.3,9.9,381610000.0,62770000.0,6210000.0,0,4,69.9,72.8,73.1,0,ON_TRACK,0,0
1223,Railways Project #1223,Railways,Manipur,900,443,35.5,47.8,40.5,441210000.0,206090000.0,83470000.0,0,5,58.0,62.2,80.3,1,AT_RISK,0,0
1224,Health & Family Welfare Project #1224,Health & Family Welfare,Sikkim,730,646,73.8,88.9,76.5,195220000.0,178050000.0,136210000.0,1,8,71.5,69.5,80.8,0,AT_RISK,0,0
1225,Health & Family Welfare Project #1225,Health & Family Welfare,Manipur,365,335,63.0,89.6,67.2,53400000.0,39640000.0,26640000.0,2,6,61.8,43.5,52.4,2,CRITICAL,1,210
1226,Water Resources Project #1226,Water Resources,Mizoram,540,272,30.6,48.0,55.2,96550000.0,63600000.0,35110000.0,1,6,71.0,55.1,40.8,0,CRITICAL,1,117
1227,Education & Social Infrastructure Project #1227,Education & Social Infrastructure,Arunachal Pradesh,270,168,50.8,66.4,71.9,221350000.0,172060000.0,123710000.0,1,8,54.2,44.3,84.0,0,CRITICAL,1,123
1228,Water Resources Project #1228,Water Resources,Nagaland,365,100,23.9,22.7,30.2,333120000.0,129420000.0,39080000.0,0,8,89.1,87.6,66.3,1,ON_TRACK,0,0
1229,Education & Social Infrastructure Project #1229,Education & Social Infrastructure,Tamil Nadu,540,390,74.9,78.8,80.0,295270000.0,278520000.0,222820000.0,0,4,86.8,86.0,60.8,0,ON_TRACK,0,0
1230,Road Transport & Highways Project #1230,Road Transport & Highways,Rajasthan,900,771,80.8,88.4,76.1,362000000.0,297190000.0,226160000.0,1,4,60.7,70.6,67.8,0,DELAYED,1,83
1231,Urban Development Project #1231,Urban Development,Tripura,900,258,20.3,19.7,20.2,148280000.0,45400000.0,9170000.0,0,5,79.5,70.0,69.8,0,ON_TRACK,0,0
1232,Road Transport & Highways Project #1232,Road Transport & Highways,Assam,900,459,42.3,53.6,47.6,269160000.0,166210000.0,79120000.0,1,8,74.3,79.4,48.7,0,CRITICAL,1,117
1233,Water Resources Project #1233,Water Resources,Karnataka,270,188,54.0,75.4,56.5,479160000.0,296960000.0,167780000.0,3,10,63.1,51.6,61.3,0,CRITICAL,1,182
1234,Digital Governance Project #1234,Digital Governance,Meghalaya,270,175,62.4,68.8,69.3,16280000.0,13430000.0,9310000.0,1,8,89.6,65.5,78.3,1,AT_RISK,0,0
1235,Power & Renewable Energy Project #1235,Power & Renewable Energy,Arunachal Pradesh,365,62,7.2,15.2,31.7,421260000.0,173370000.0,54960000.0,0,8,44.3,48.6,51.8,0,ON_TRACK,0,0
1236,Railways Project #1236,Railways,Sikkim,730,586,69.8,86.1,87.5,476940000.0,476940000.0,417320000.0,1,8,40.1,65.9,35.9,0,CRITICAL,1,130
1237,Urban Development Project #1237,Urban Development,Karnataka,900,517,51.5,56.9,52.7,449150000.0,277610000.0,146300000.0,0,4,78.5,50.4,75.0,0,ON_TRACK,0,0
1238,Road Transport & Highways Project #1238,Road Transport & Highways,Karnataka,900,267,20.3,24.9,15.5,168500000.0,34710000.0,5380000.0,0,4,79.3,66.6,76.0,0,ON_TRACK,0,0
1239,Road Transport & Highways Project #1239,Road Transport & Highways,Tripura,365,380,84.6,97.6,97.9,99770000.0,99770000.0,97670000.0,1,8,82.7,73.4,39.3,1,CRITICAL,1,114
1240,Power & Renewable Energy Project #1240,Power & Renewable Energy,Maharashtra,540,74,10.5,13.0,11.9,239680000.0,61150000.0,7280000.0,1,5,75.1,88.2,51.4,2,AT_RISK,0,0
1241,Urban Development Project #1241,Urban Development,Meghalaya,365,143,30.4,32.5,38.1,296690000.0,128060000.0,48790000.0,0,4,71.9,55.8,84.0,0,ON_TRACK,0,0
1242,Road Transport & Highways Project #1242,Road Transport & Highways,Tamil Nadu,270,122,31.7,42.6,41.2,255510000.0,131540000.0,54190000.0,2,6,80.3,61.8,50.4,3,AT_RISK,0,0
1243,Road Transport & Highways Project #1243,Road Transport & Highways,Meghalaya,270,220,76.7,85.9,77.4,196410000.0,178470000.0,138140000.0,0,5,85.8,80.1,91.9,0,ON_TRACK,0,0
1244,Urban Development Project #1244,Urban Development,West Bengal,365,360,88.2,96.4,93.7,17090000.0,17090000.0,16010000.0,2,5,67.5,74.5,86.1,3,CRITICAL,1,101
1245,Education & Social Infrastructure Project #1245,Education & Social Infrastructure,West Bengal,540,184,27.8,26.9,27.6,241770000.0,86010000.0,23740000.0,0,6,70.8,77.6,72.4,0,ON_TRACK,0,0
1246,Health & Family Welfare Project #1246,Health & Family Welfare,Karnataka,730,81,0.0,11.1,14.2,304870000.0,88040000.0,12500000.0,1,10,67.1,58.3,40.1,1,AT_RISK,0,0
1247,Health & Family Welfare Project #1247,Health & Family Welfare,Tamil Nadu,365,69,9.4,18.3,15.7,354390000.0,105270000.0,16530000.0,1,10,89.3,87.4,62.7,1,AT_RISK,0,0
1248,Health & Family Welfare Project #1248,Health & Family Welfare,Sikkim,365,144,25.4,34.2,33.2,97050000.0,40640000.0,13490000.0,1,8,67.5,68.5,67.4,0,AT_RISK,0,0
1249,Health & Family Welfare Project #1249,Health & Family Welfare,Gujarat,540,547,64.9,97.5,77.6,385640000.0,347510000.0,269670000.0,1,4,58.9,45.8,50.7,0,CRITICAL,1,214
1250,Railways Project #1250,Railways,Sikkim,365,309,49.2,91.2,60.6,313850000.0,225190000.0,136470000.0,3,8,37.4,55.6,92.0,0,CRITICAL,1,298
1251,Water Resources Project #1251,Water Resources,Assam,540,608,95.4,98.8,98.8,393350000.0,393350000.0,388630000.0,0,10,79.5,87.4,67.9,0,ON_TRACK,0,0
1252,Health & Family Welfare Project #1252,Health & Family Welfare,Uttar Pradesh,1095,258,17.8,18.7,32.6,314990000.0,123750000.0,40340000.0,1,6,77.7,72.8,43.0,2,AT_RISK,0,0
1253,Water Resources Project #1253,Water Resources,Sikkim,1460,1608,85.2,94.6,91.7,46460000.0,46460000.0,42600000.0,1,5,80.7,60.1,76.3,0,AT_RISK,0,0
1254,Water Resources Project #1254,Water Resources,Gujarat,540,516,71.7,94.7,94.8,42340000.0,42340000.0,40140000.0,1,5,56.7,51.9,76.7,1,CRITICAL,1,162
1255,Road Transport & Highways Project #1255,Road Transport & Highways,Bihar,1095,406,31.5,31.5,33.9,314780000.0,129120000.0,43770000.0,0,8,56.8,54.4,62.4,0,ON_TRACK,0,0
1256,Urban Development Project #1256,Urban Development,West Bengal,365,44,2.7,6.9,14.7,18570000.0,4370000.0,640000.0,0,6,39.5,64.3,72.3,0,ON_TRACK,0,0
1257,Urban Development Project #1257,Urban Development,West Bengal,180,75,37.2,39.9,33.7,479990000.0,232200000.0,78250000.0,0,8,72.2,69.6,61.9,0,ON_TRACK,0,0
1258,Road Transport & Highways Project #1258,Road Transport & Highways,Gujarat,365,415,80.2,98.3,87.2,173020000.0,164490000.0,143440000.0,2,6,76.4,87.2,45.2,2,CRITICAL,1,142
1259,Water Resources Project #1259,Water Resources,Madhya Pradesh,270,78,22.3,21.2,19.0,339740000.0,86030000.0,16350000.0,0,4,80.8,82.6,93.2,0,ON_TRACK,0,0
1260,Digital Governance Project #1260,Digital Governance,Karnataka,730,720,83.2,94.6,80.8,20950000.0,19170000.0,15490000.0,1,5,56.0,56.4,83.8,1,AT_RISK,0,0
1261,Digital Governance Project #1261,Digital Governance,Tamil Nadu,900,524,38.6,58.5,43.4,49290000.0,27170000.0,11790000.0,3,8,48.3,47.0,85.1,4,CRITICAL,1,185
1262,Water Resources Project #1262,Water Resources,Assam,540,419,77.1,87.3,75.2,116930000.0,102650000.0,77190000.0,1,10,62.5,63.1,72.3,0,CRITICAL,1,102
1263,Water Resources Project #1263,Water Resources,Sikkim,540,598,87.0,98.5,86.4,47660000.0,46510000.0,40180000.0,2,5,57.7,62.3,82.8,2,CRITICAL,1,132
1264,Water Resources Project #1264,Water Resources,Odisha,365,164,42.8,46.4,63.2,499590000.0,354380000.0,223970000.0,0,6,56.0,70.6,62.8,0,ON_TRACK,0,0
1265,Power & Renewable Energy Project #1265,Power & Renewable Energy,Madhya Pradesh,365,213,48.9,60.3,53.9,308680000.0,184620000.0,99510000.0,0,4,65.5,68.6,61.2,1,AT_RISK,0,0
1266,Education & Social Infrastructure Project #1266,Education & Social Infrastructure,Assam,1460,1527,90.3,97.9,94.7,262140000.0,262140000.0,248250000.0,1,8,70.5,74.4,66.4,0,AT_RISK,0,0
1267,Water Resources Project #1267,Water Resources,Meghalaya,270,288,83.4,98.5,83.6,41810000.0,39370000.0,32910000.0,1,8,73.6,82.0,58.8,0,AT_RISK,0,0
1268,Health & Family Welfare Project #1268,Health & Family Welfare,Arunachal Pradesh,365,88,20.9,18.5,18.1,277160000.0,73680000.0,13340000.0,0,4,68.4,55.1,82.3,0,ON_TRACK,0,0
1269,Water Resources Project #1269,Water Resources,Karnataka,180,154,72.8,89.4,94.8,238210000.0,238210000.0,225820000.0,2,6,74.9,79.7,41.9,3,CRITICAL,1,148
1270,Power & Renewable Energy Project #1270,Power & Renewable Energy,Uttar Pradesh,900,146,10.9,8.7,15.7,68490000.0,18110000.0,2840000.0,0,10,64.0,68.6,73.0,0,ON_TRACK,0,0
1271,Education & Social Infrastructure Project #1271,Education & Social Infrastructure,Uttar Pradesh,900,791,81.5,91.5,87.1,235870000.0,219980000.0,191600000.0,0,6,85.8,39.1,94.1,1,DELAYED,1,80
1272,Urban Development Project #1272,Urban Development,Tamil Nadu,365,43,3.5,13.3,23.3,426610000.0,140330000.0,32700000.0,2,8,62.6,67.3,34.1,2,AT_RISK,0,0
1273,Digital Governance Project #1273,Digital Governance,Madhya Pradesh,730,703,89.0,96.4,94.8,385250000.0,385250000.0,365220000.0,1,6,65.4,75.6,82.6,0,AT_RISK,0,0
1274,Road Transport & Highways Project #1274,Road Transport & Highways,Tripura,730,505,61.4,77.5,76.0,267600000.0,221610000.0,168420000.0,1,5,43.7,30.0,45.4,0,CRITICAL,1,141
1275,Digital Governance Project #1275,Digital Governance,Assam,270,241,79.6,94.6,78.3,393950000.0,345590000.0,270600000.0,1,4,59.4,56.5,90.1,0,AT_RISK,0,0
1276,Railways Project #1276,Railways,Gujarat,540,201,30.0,32.8,47.3,468360000.0,279060000.0,132000000.0,0,4,91.8,46.7,47.7,0,ON_TRACK,0,0
1277,Health & Family Welfare Project #1277,Health & Family Welfare,Mizoram,365,51,7.3,12.6,9.8,234130000.0,56090000.0,5500000.0,1,4,94.3,62.6,53.3,0,AT_RISK,0,0
1278,Digital Governance Project #1278,Digital Governance,Odisha,540,400,78.5,81.8,79.6,400970000.0,366760000.0,291940000.0,0,4,88.4,62.3,48.2,1,ON_TRACK,0,0
1279,Power & Renewable Energy Project #1279,Power & Renewable Energy,Odisha,1460,157,3.1,9.9,11.9,70370000.0,14340000.0,1710000.0,1,6,84.3,71.7,74.4,0,AT_RISK,0,0
1280,Urban Development Project #1280,Urban Development,Madhya Pradesh,270,185,71.6,74.0,74.8,302710000.0,241590000.0,180710000.0,0,8,84.5,90.4,68.4,1,ON_TRACK,0,0
1281,Health & Family Welfare Project #1281,Health & Family Welfare,Rajasthan,730,245,20.0,24.9,15.5,494780000.0,118650000.0,18390000.0,1,10,59.5,78.1,77.7,2,AT_RISK,0,0
1282,Power & Renewable Energy Project #1282,Power & Renewable Energy,Bihar,730,224,20.7,23.0,17.0,274840000.0,85460000.0,14530000.0,0,5,78.4,78.5,60.2,0,ON_TRACK,0,0
1283,Railways Project #1283,Railways,West Bengal,365,376,78.4,96.9,84.2,338830000.0,329320000.0,277290000.0,1,5,56.3,90.6,75.5,0,AT_RISK,0,0
1284,Health & Family Welfare Project #1284,Health & Family Welfare,Madhya Pradesh,365,229,59.6,71.1,60.6,174590000.0,128350000.0,77780000.0,0,6,44.5,82.2,85.9,0,CRITICAL,1,92
1285,Road Transport & Highways Project #1285,Road Transport & Highways,Mizoram,365,306,68.6,87.1,91.5,376670000.0,376670000.0,344650000.0,2,8,52.7,76.5,43.2,1,AT_RISK,0,0
1286,Railways Project #1286,Railways,Nagaland,540,594,87.8,98.6,89.1,250200000.0,245590000.0,218820000.0,2,5,60.2,88.3,57.1,2,AT_RISK,0,0
1287,Power & Renewable Energy Project #1287,Power & Renewable Energy,Karnataka,540,245,39.3,43.6,40.0,117710000.0,54690000.0,21880000.0,0,5,76.8,71.3,62.0,0,ON_TRACK,0,0
1288,Health & Family Welfare Project #1288,Health & Family Welfare,Gujarat,365,154,33.4,38.1,32.3,479880000.0,189090000.0,61080000.0,0,8,54.2,71.9,85.9,0,DELAYED,1,43
1289,Urban Development Project #1289,Urban Development,Madhya Pradesh,540,583,84.8,96.6,83.7,425840000.0,411900000.0,344760000.0,2,10,78.9,56.6,74.5,0,AT_RISK,0,0
1290,Health & Family Welfare Project #1290,Health & Family Welfare,Meghalaya,730,278,30.0,35.1,39.8,18560000.0,10050000.0,4000000.0,0,4,96.0,53.4,87.8,0,DELAYED,1,44
1291,Water Resources Project #1291,Water Resources,Bihar,540,133,19.7,17.2,25.0,484600000.0,149880000.0,37470000.0,0,5,81.3,60.9,62.8,0,ON_TRACK,1,27
1292,Water Resources Project #1292,Water Resources,Maharashtra,540,437,71.3,85.5,76.8,394180000.0,359450000.0,276060000.0,1,6,68.1,52.7,85.7,0,AT_RISK,0,0
1293,Railways Project #1293,Railways,Uttar Pradesh,180,181,90.1,99.8,99.3,48260000.0,48260000.0,47920000.0,0,5,76.7,97.7,75.8,0,ON_TRACK,0,0
1294,Road Transport & Highways Project #1294,Road Transport & Highways,Maharashtra,365,86,11.2,14.9,12.7,308600000.0,58280000.0,7400000.0,0,10,78.2,96.7,69.5,0,ON_TRACK,0,0
1295,Road Transport & Highways Project #1295,Road Transport & Highways,Uttar Pradesh,365,378,80.6,95.6,89.6,22710000.0,21980000.0,19690000.0,2,4,61.5,88.2,70.9,2,AT_RISK,0,0
1296,Health & Family Welfare Project #1296,Health & Family Welfare,Rajasthan,900,784,69.2,88.3,77.2,286670000.0,260140000.0,200830000.0,1,4,48.3,69.0,85.4,0,CRITICAL,1,140
1297,Water Resources Project #1297,Water Resources,Nagaland,270,214,67.6,82.7,73.5,64640000.0,51520000.0,37870000.0,1,10,49.1,85.6,61.2,1,CRITICAL,1,116
1298,Water Resources Project #1298,Water Resources,West Bengal,180,125,40.8,72.7,46.4,493460000.0,277090000.0,128570000.0,1,4,57.3,73.5,55.8,1,CRITICAL,1,196
1299,Urban Development Project #1299,Urban Development,Arunachal Pradesh,540,594,86.2,93.1,84.9,391820000.0,378750000.0,321560000.0,1,4,76.8,75.0,80.3,0,DELAYED,1,80
1300,Urban Development Project #1300,Urban Development,Manipur,730,592,80.3,86.8,80.5,305480000.0,284100000.0,228700000.0,1,8,79.6,64.8,87.4,1,AT_RISK,0,0
1301,Water Resources Project #1301,Water Resources,Mizoram,365,160,37.1,40.5,42.9,404920000.0,234030000.0,100400000.0,1,4,74.2,56.0,79.2,1,DELAYED,1,52
1302,Education & Social Infrastructure Project #1302,Education & Social Infrastructure,Odisha,900,818,68.3,91.2,69.3,107150000.0,86500000.0,59940000.0,1,6,41.0,56.0,74.0,1,CRITICAL,1,157
1303,Road Transport & Highways Project #1303,Road Transport & Highways,Tamil Nadu,365,312,74.5,92.3,76.4,343380000.0,312590000.0,238820000.0,2,10,70.5,69.6,57.5,0,AT_RISK,0,0
1304,Power & Renewable Energy Project #1304,Power & Renewable Energy,Uttar Pradesh,365,317,83.3,92.3,88.8,31190000.0,30420000.0,27010000.0,1,4,75.6,76.4,57.2,0,CRITICAL,1,98
1305,Digital Governance Project #1305,Digital Governance,Sikkim,180,19,14.6,13.2,13.0,397000000.0,75720000.0,9840000.0,0,4,79.4,62.0,86.6,0,ON_TRACK,0,0
1306,Power & Renewable Energy Project #1306,Power & Renewable Energy,Mizoram,540,610,69.8,97.7,80.9,438440000.0,400960000.0,324380000.0,2,8,66.3,34.5,41.9,0,CRITICAL,1,187
1307,Road Transport & Highways Project #1307,Road Transport & Highways,Rajasthan,540,94,14.8,12.2,14.8,56020000.0,14970000.0,2220000.0,0,5,69.5,77.1,67.8,0,ON_TRACK,0,0
1308,Urban Development Project #1308,Urban Development,Tamil Nadu,540,58,0.6,9.2,6.5,190890000.0,25970000.0,1690000.0,2,8,71.2,60.0,69.1,3,AT_RISK,0,0
1309,Health & Family Welfare Project #1309,Health & Family Welfare,Arunachal Pradesh,365,302,71.2,91.2,78.7,413290000.0,376600000.0,296380000.0,1,6,53.7,36.9,82.2,1,CRITICAL,1,127
1310,Water Resources Project #1310,Water Resources,Manipur,1095,999,81.7,92.6,81.7,399190000.0,348890000.0,285040000.0,2,5,67.6,58.7,82.6,2,AT_RISK,0,0
1311,Power & Renewable Energy Project #1311,Power & Renewable Energy,Sikkim,365,296,58.1,85.2,62.4,404220000.0,282600000.0,176340000.0,3,10,58.3,65.9,55.6,0,CRITICAL,1,216
1312,Digital Governance Project #1312,Digital Governance,Odisha,540,278,44.0,50.9,49.9,245390000.0,146560000.0,73130000.0,1,10,82.6,72.4,87.6,0,DELAYED,1,70
1313,Water Resources Project #1313,Water Resources,Assam,270,292,87.2,95.3,92.3,64940000.0,64690000.0,59710000.0,1,5,67.8,71.5,78.9,0,CRITICAL,1,101
1314,Water Resources Project #1314,Water Resources,Gujarat,180,40,15.6,13.9,12.5,208100000.0,36480000.0,4560000.0,0,10,51.0,92.9,69.8,3,ON_TRACK,0,0
1315,Water Resources Project #1315,Water Resources,Maharashtra,365,315,74.0,88.0,83.4,62350000.0,59820000.0,49890000.0,1,8,51.7,88.0,67.4,1,AT_RISK,0,0
1316,Railways Project #1316,Railways,Manipur,365,93,18.3,19.9,16.0,207810000.0,46890000.0,7500000.0,1,6,71.5,94.9,80.9,3,AT_RISK,0,0
1317,Health & Family Welfare Project #1317,Health & Family Welfare,Odisha,730,489,68.1,75.2,75.8,265340000.0,238860000.0,181060000.0,1,6,66.8,88.4,85.0,0,CRITICAL,1,99
1318,Power & Renewable Energy Project #1318,Power & Renewable Energy,Rajasthan,540,159,13.6,23.0,23.2,74600000.0,23960000.0,5560000.0,0,4,85.1,60.3,84.2,0,ON_TRACK,0,0
1319,Railways Project #1319,Railways,Bihar,540,609,85.9,98.0,90.1,82260000.0,79240000.0,71400000.0,1,8,50.7,93.7,57.4,0,AT_RISK,0,0
1320,Urban Development Project #1320,Urban Development,Assam,730,116,17.4,14.3,25.3,180080000.0,69850000.0,17670000.0,0,4,83.4,79.9,78.9,0,ON_TRACK,0,0
1321,Water Resources Project #1321,Water Resources,Madhya Pradesh,365,400,84.7,97.6,83.3,401870000.0,361070000.0,300770000.0,2,10,72.0,77.1,65.4,0,AT_RISK,0,0
1322,Power & Renewable Energy Project #1322,Power & Renewable Energy,Rajasthan,365,53,9.5,12.4,13.1,208260000.0,47940000.0,6280000.0,0,8,56.8,85.1,70.9,1,ON_TRACK,0,0
1323,Road Transport & Highways Project #1323,Road Transport & Highways,Tripura,365,185,37.9,48.4,38.5,211460000.0,107000000.0,41200000.0,0,4,82.7,82.3,51.4,0,AT_RISK,0,0
1324,Road Transport & Highways Project #1324,Road Transport & Highways,West Bengal,180,70,30.5,30.6,32.0,189720000.0,71810000.0,22980000.0,1,4,63.7,77.7,76.9,2,AT_RISK,0,0
1325,Railways Project #1325,Railways,Odisha,365,286,75.1,87.2,70.6,441090000.0,369860000.0,261120000.0,0,5,78.4,55.8,85.1,0,DELAYED,1,88
1326,Water Resources Project #1326,Water Resources,Arunachal Pradesh,365,69,5.1,15.0,12.7,394450000.0,108600000.0,13790000.0,1,8,68.0,87.8,56.6,1,AT_RISK,0,0
1327,Digital Governance Project #1327,Digital Governance,Tripura,900,141,0.0,9.9,2.7,52110000.0,5480000.0,150000.0,1,6,34.9,82.0,77.4,0,AT_RISK,0,0
1328,Health & Family Welfare Project #1328,Health & Family Welfare,Tamil Nadu,540,224,32.9,40.0,38.7,137000000.0,60650000.0,23470000.0,1,4,73.7,58.1,89.5,0,DELAYED,1,90
1329,Road Transport & Highways Project #1329,Road Transport & Highways,Uttar Pradesh,900,362,26.0,33.5,32.6,79290000.0,31060000.0,10130000.0,0,6,69.2,80.2,87.5,0,ON_TRACK,0,0
1330,Railways Project #1330,Railways,Tamil Nadu,1095,996,75.3,92.6,72.0,20620000.0,16260000.0,11710000.0,1,5,79.4,75.2,64.7,0,AT_RISK,0,0
1331,Digital Governance Project #1331,Digital Governance,Gujarat,540,323,59.6,66.9,64.8,304320000.0,238560000.0,154590000.0,0,5,77.9,75.1,68.9,1,DELAYED,1,52
1332,Railways Project #1332,Railways,Nagaland,540,333,60.5,63.3,57.5,455000000.0,318380000.0,183070000.0,0,5,66.9,86.1,75.1,0,ON_TRACK,0,0
1333,Education & Social Infrastructure Project #1333,Education & Social Infrastructure,Bihar,540,553,81.8,94.6,85.1,256490000.0,232480000.0,197840000.0,1,5,80.0,67.1,68.2,0,AT_RISK,0,0
1334,Power & Renewable Energy Project #1334,Power & Renewable Energy,Odisha,540,448,75.3,89.1,82.4,364260000.0,347060000.0,285980000.0,1,4,59.0,89.9,64.8,0,CRITICAL,1,98
1335,Road Transport & Highways Project #1335,Road Transport & Highways,Odisha,540,615,82.2,100.0,90.6,148560000.0,148560000.0,134600000.0,1,6,90.9,45.5,40.2,0,CRITICAL,1,123
1336,Education & Social Infrastructure Project #1336,Education & Social Infrastructure,Karnataka,365,155,38.0,39.6,40.3,157290000.0,73910000.0,29790000.0,1,5,45.6,63.7,82.6,2,AT_RISK,0,0
1337,Digital Governance Project #1337,Digital Governance,Meghalaya,365,372,77.7,94.3,78.6,239450000.0,210540000.0,165480000.0,3,8,88.4,57.1,67.1,2,AT_RISK,0,0
1338,Power & Renewable Energy Project #1338,Power & Renewable Energy,Manipur,540,381,76.8,76.5,89.0,242280000.0,235060000.0,209200000.0,0,10,91.1,46.8,52.5,0,ON_TRACK,0,0
1339,Health & Family Welfare Project #1339,Health & Family Welfare,Manipur,730,237,26.6,26.9,32.6,340010000.0,139650000.0,45530000.0,0,4,88.2,87.8,68.4,0,ON_TRACK,1,15
1340,Health & Family Welfare Project #1340,Health & Family Welfare,Nagaland,270,247,64.0,91.3,64.2,212700000.0,162800000.0,104520000.0,3,8,74.4,58.9,55.5,4,CRITICAL,1,226
1341,Water Resources Project #1341,Water Resources,Arunachal Pradesh,270,235,81.7,91.6,87.2,52640000.0,52640000.0,45900000.0,1,5,52.1,62.5,85.0,0,AT_RISK,0,0
1342,Urban Development Project #1342,Urban Development,Nagaland,365,39,9.6,9.1,11.3,392830000.0,84160000.0,9510000.0,0,8,51.8,86.1,53.7,1,ON_TRACK,0,0
1343,Digital Governance Project #1343,Digital Governance,Maharashtra,730,271,20.6,30.1,19.9,363310000.0,98460000.0,19590000.0,1,4,78.3,86.0,47.3,4,CRITICAL,1,92
1344,Power & Renewable Energy Project #1344,Power & Renewable Energy,Madhya Pradesh,540,121,0.3,17.5,25.2,493570000.0,166520000.0,41960000.0,1,6,27.9,42.4,58.8,1,AT_RISK,0,0
1345,Digital Governance Project #1345,Digital Governance,Maharashtra,540,268,36.6,48.0,49.6,442180000.0,266540000.0,132200000.0,1,8,70.3,39.6,66.7,1,AT_RISK,0,0
1346,Health & Family Welfare Project #1346,Health & Family Welfare,West Bengal,180,53,19.3,24.8,25.4,486940000.0,157750000.0,40070000.0,0,10,74.8,76.6,50.8,0,ON_TRACK,0,0
1347,Urban Development Project #1347,Urban Development,Tamil Nadu,1095,523,46.3,48.1,45.4,117790000.0,69660000.0,31630000.0,0,10,68.2,70.3,80.3,0,ON_TRACK,0,0
1348,Road Transport & Highways Project #1348,Road Transport & Highways,Nagaland,540,490,64.0,92.3,80.8,333360000.0,316670000.0,255870000.0,4,10,73.1,57.1,35.1,4,CRITICAL,1,254
1349,Digital Governance Project #1349,Digital Governance,Mizoram,900,908,83.3,93.8,83.3,20610000.0,18490000.0,15400000.0,1,8,36.2,82.6,90.1,0,AT_RISK,0,0
1350,Education & Social Infrastructure Project #1350,Education & Social Infrastructure,Tamil Nadu,365,307,70.9,86.7,75.2,52070000.0,43360000.0,32610000.0,1,6,84.2,74.1,62.6,1,AT_RISK,0,0
1351,Health & Family Welfare Project #1351,Health & Family Welfare,Gujarat,540,120,11.3,13.9,27.8,389970000.0,161860000.0,45000000.0,0,6,66.3,77.2,40.8,0,ON_TRACK,0,0
1352,Water Resources Project #1352,Water Resources,Tamil Nadu,730,565,76.9,81.3,81.8,62190000.0,57040000.0,46660000.0,0,4,71.2,87.7,73.2,0,ON_TRACK,0,0
1353,Digital Governance Project #1353,Digital Governance,Manipur,900,725,74.6,85.9,80.2,236080000.0,213700000.0,171390000.0,1,8,85.3,48.9,82.6,0,CRITICAL,1,110
1354,Water Resources Project #1354,Water Resources,Tamil Nadu,730,229,19.5,27.8,19.9,126640000.0,44140000.0,8780000.0,0,8,89.4,77.1,42.1,0,DELAYED,1,54
1355,Education & Social Infrastructure Project #1355,Education & Social Infrastructure,Bihar,365,68,8.0,14.9,14.0,310730000.0,61520000.0,8610000.0,1,5,76.7,53.4,73.2,0,CRITICAL,1,97
1356,Urban Development Project #1356,Urban Development,Madhya Pradesh,540,72,4.5,8.3,1.6,92310000.0,11420000.0,180000.0,0,6,53.4,72.9,93.0,1,ON_TRACK,0,0
1357,Urban Development Project #1357,Urban Development,Gujarat,540,618,88.5,99.3,93.2,144950000.0,144950000.0,135090000.0,1,8,82.9,77.4,68.5,0,CRITICAL,1,98
1358,Water Resources Project #1358,Water Resources,Uttar Pradesh,270,101,31.1,31.5,30.7,268460000.0,120070000.0,36860000.0,1,5,80.4,72.9,62.3,2,AT_RISK,0,0
1359,Power & Renewable Energy Project #1359,Power & Renewable Energy,West Bengal,730,122,0.0,12.6,22.0,487090000.0,131650000.0,28960000.0,1,8,52.1,88.8,41.7,0,CRITICAL,1,122
1360,Education & Social Infrastructure Project #1360,Education & Social Infrastructure,Assam,365,175,42.2,48.3,46.0,324530000.0,191950000.0,88300000.0,0,4,74.4,83.0,85.0,1,DELAYED,1,58
1361,Road Transport & Highways Project #1361,Road Transport & Highways,Arunachal Pradesh,270,212,68.6,87.9,72.9,381340000.0,318450000.0,232150000.0,1,6,70.9,93.2,35.6,1,AT_RISK,0,0
1362,Digital Governance Project #1362,Digital Governance,Maharashtra,1095,854,63.2,84.6,73.3,420510000.0,330390000.0,242180000.0,0,4,76.6,59.8,49.0,0,CRITICAL,1,123
1363,Power & Renewable Energy Project #1363,Power & Renewable Energy,Mizoram,1095,906,71.3,84.2,66.5,62620000.0,48420000.0,32200000.0,2,8,70.7,60.7,88.6,3,AT_RISK,0,0
1364,Health & Family Welfare Project #1364,Health & Family Welfare,Assam,270,163,53.2,62.8,66.2,47110000.0,36170000.0,23940000.0,2,6,84.1,30.0,52.5,2,CRITICAL,1,104
1365,Road Transport & Highways Project #1365,Road Transport & Highways,Manipur,540,485,73.6,92.8,85.0,467600000.0,425970000.0,362070000.0,1,4,64.6,77.3,39.6,0,CRITICAL,1,140
1366,Digital Governance Project #1366,Digital Governance,Tamil Nadu,540,78,8.7,10.3,11.2,461970000.0,95170000.0,10660000.0,0,8,72.0,65.1,73.3,0,ON_TRACK,0,0
1367,Power & Renewable Energy Project #1367,Power & Renewable Energy,Sikkim,270,280,90.2,98.7,91.6,11090000.0,11090000.0,10160000.0,1,5,91.2,74.7,62.7,4,AT_RISK,0,0
1368,Urban Development Project #1368,Urban Development,Madhya Pradesh,540,495,82.3,90.8,82.5,327480000.0,303530000.0,250410000.0,1,10,62.4,71.5,95.8,0,AT_RISK,0,0
1369,Road Transport & Highways Project #1369,Road Transport & Highways,Arunachal Pradesh,540,260,35.7,45.3,39.8,415620000.0,208960000.0,83170000.0,1,4,67.3,66.2,91.3,0,AT_RISK,0,0
1370,Health & Family Welfare Project #1370,Health & Family Welfare,Mizoram,540,575,85.5,97.5,85.6,154990000.0,145800000.0,124800000.0,1,5,94.2,73.5,62.8,1,AT_RISK,0,0
1371,Water Resources Project #1371,Water Resources,Manipur,540,225,17.5,38.6,29.0,467560000.0,181420000.0,52610000.0,2,5,57.8,67.6,66.3,2,CRITICAL,1,173
1372,Railways Project #1372,Railways,Karnataka,365,38,16.1,7.1,29.4,105930000.0,43210000.0,12700000.0,0,4,64.1,52.5,52.0,0,ON_TRACK,0,0
1373,Digital Governance Project #1373,Digital Governance,Bihar,730,155,11.3,18.4,8.9,136990000.0,21450000.0,1910000.0,0,8,89.5,46.7,72.7,0,ON_TRACK,0,0
1374,Urban Development Project #1374,Urban Development,Madhya Pradesh,540,267,35.0,49.4,45.2,39220000.0,20880000.0,9440000.0,1,4,52.8,54.9,69.6,1,AT_RISK,0,0
1375,Railways Project #1375,Railways,Madhya Pradesh,730,94,5.4,9.8,16.9,367160000.0,94620000.0,15990000.0,1,5,56.2,50.3,48.8,2,DELAYED,1,78
1376,Railways Project #1376,Railways,Mizoram,540,425,61.1,82.5,61.6,258760000.0,175220000.0,107940000.0,2,10,69.8,38.0,83.4,0,AT_RISK,0,0
1377,Road Transport & Highways Project #1377,Road Transport & Highways,Bihar,365,131,23.6,31.5,35.9,355490000.0,173160000.0,62160000.0,1,8,56.5,61.1,57.9,0,AT_RISK,0,0
1378,Power & Renewable Energy Project #1378,Power & Renewable Energy,Assam,365,53,6.2,9.5,15.3,482000000.0,122490000.0,18740000.0,0,10,79.8,71.0,56.0,0,ON_TRACK,0,0
1379,Power & Renewable Energy Project #1379,Power & Renewable Energy,Tamil Nadu,365,356,82.2,96.5,77.4,398190000.0,363990000.0,281730000.0,1,6,53.1,65.1,85.9,1,AT_RISK,0,0
1380,Power & Renewable Energy Project #1380,Power & Renewable Energy,Tripura,730,825,89.3,97.0,88.4,490960000.0,485100000.0,428830000.0,1,6,88.9,75.9,71.1,1,AT_RISK,0,0
1381,Education & Social Infrastructure Project #1381,Education & Social Infrastructure,Tripura,900,114,11.1,6.3,14.5,126750000.0,36330000.0,5270000.0,0,6,38.2,86.2,71.6,0,ON_TRACK,0,0
1382,Road Transport & Highways Project #1382,Road Transport & Highways,Uttar Pradesh,365,347,67.7,91.7,68.4,117580000.0,91420000.0,62530000.0,2,8,68.4,59.3,62.0,0,CRITICAL,1,194
1383,Health & Family Welfare Project #1383,Health & Family Welfare,Nagaland,365,68,7.5,12.8,12.2,413270000.0,108580000.0,13250000.0,1,6,70.1,95.1,49.5,0,AT_RISK,0,0
1384,Digital Governance Project #1384,Digital Governance,Nagaland,270,208,78.7,83.8,77.7,137530000.0,121540000.0,94440000.0,1,8,83.0,79.2,69.4,0,AT_RISK,0,0
1385,Education & Social Infrastructure Project #1385,Education & Social Infrastructure,Tripura,540,412,79.5,85.0,78.7,42820000.0,37100000.0,29200000.0,1,8,49.6,90.0,80.6,0,AT_RISK,0,0
1386,Railways Project #1386,Railways,West Bengal,730,331,37.7,40.0,43.6,149950000.0,80970000.0,35300000.0,0,4,68.0,68.4,74.5,0,ON_TRACK,0,0
1387,Road Transport & Highways Project #1387,Road Transport & Highways,Uttar Pradesh,365,384,85.9,94.3,90.9,45730000.0,45600000.0,41450000.0,1,8,87.7,84.4,83.8,0,AT_RISK,0,0
1388,Education & Social Infrastructure Project #1388,Education & Social Infrastructure,Odisha,900,864,81.8,96.2,77.0,15160000.0,12760000.0,9830000.0,3,10,89.3,86.0,44.2,2,CRITICAL,1,151
1389,Railways Project #1389,Railways,Meghalaya,730,367,43.4,51.2,45.3,324010000.0,182430000.0,82640000.0,0,6,77.8,56.0,62.7,0,ON_TRACK,0,0
1390,Road Transport & Highways Project #1390,Road Transport & Highways,Bihar,540,618,81.1,99.7,77.9,419360000.0,386080000.0,300760000.0,2,8,81.3,59.4,61.4,0,AT_RISK,0,0
1391,Water Resources Project #1391,Water Resources,Mizoram,365,352,90.5,98.0,93.0,89880000.0,89880000.0,83590000.0,1,5,78.0,62.5,72.4,2,AT_RISK,0,0
1392,Power & Renewable Energy Project #1392,Power & Renewable Energy,Manipur,900,508,32.9,58.2,54.6,215120000.0,148930000.0,81320000.0,1,4,30.1,82.6,62.7,0,CRITICAL,1,168
1393,Railways Project #1393,Railways,Sikkim,540,55,7.5,8.7,15.9,296790000.0,83500000.0,13280000.0,0,10,81.1,69.2,75.4,1,ON_TRACK,0,0
1394,Urban Development Project #1394,Urban Development,Gujarat,730,357,49.1,50.6,61.0,17400000.0,11610000.0,7080000.0,0,6,69.3,49.5,66.6,0,ON_TRACK,0,0
1395,Urban Development Project #1395,Urban Development,Manipur,365,274,70.5,82.2,79.7,354850000.0,328220000.0,261590000.0,1,6,73.5,79.4,75.4,1,CRITICAL,1,114
1396,Health & Family Welfare Project #1396,Health & Family Welfare,Arunachal Pradesh,900,698,70.2,82.4,75.4,97210000.0,87070000.0,65650000.0,1,10,59.1,55.8,89.1,0,CRITICAL,1,121
1397,Digital Governance Project #1397,Digital Governance,Rajasthan,900,92,7.4,4.3,4.6,416980000.0,48270000.0,2220000.0,0,8,49.8,84.0,74.2,4,ON_TRACK,0,0
1398,Health & Family Welfare Project #1398,Health & Family Welfare,Madhya Pradesh,365,329,85.2,91.8,93.1,496980000.0,496980000.0,462690000.0,1,4,70.3,77.8,77.3,0,AT_RISK,0,0
1399,Urban Development Project #1399,Urban Development,Arunachal Pradesh,730,288,22.0,38.2,34.5,44890000.0,19460000.0,6710000.0,1,4,45.9,55.5,50.1,0,CRITICAL,1,110
1400,Health & Family Welfare Project #1400,Health & Family Welfare,Rajasthan,365,255,70.9,76.6,80.8,112320000.0,97840000.0,79050000.0,0,5,80.6,77.4,63.5,0,ON_TRACK,0,0
1401,Education & Social Infrastructure Project #1401,Education & Social Infrastructure,West Bengal,365,410,82.6,98.9,84.8,472750000.0,457220000.0,387720000.0,1,5,75.6,72.4,53.0,0,AT_RISK,0,0
1402,Road Transport & Highways Project #1402,Road Transport & Highways,Tamil Nadu,540,524,79.1,93.6,75.9,92880000.0,79580000.0,60400000.0,2,6,97.2,70.1,44.4,2,CRITICAL,1,147
1403,Digital Governance Project #1403,Digital Governance,West Bengal,270,97,23.0,29.6,30.5,477720000.0,175770000.0,53610000.0,0,8,69.2,85.9,59.9,0,ON_TRACK,0,0
1404,Digital Governance Project #1404,Digital Governance,Assam,730,199,11.9,19.4,12.8,299560000.0,53950000.0,6910000.0,1,10,89.4,53.3,69.2,1,AT_RISK,0,0
1405,Digital Governance Project #1405,Digital Governance,West Bengal,365,274,79.5,83.7,76.1,97630000.0,79530000.0,60520000.0,2,8,68.2,87.3,55.6,3,DELAYED,1,85
1406,Water Resources Project #1406,Water Resources,Bihar,900,651,62.0,76.1,71.7,251430000.0,211540000.0,151670000.0,2,10,68.5,89.0,82.9,0,AT_RISK,0,0
1407,Digital Governance Project #1407,Digital Governance,Tripura,365,385,78.7,96.6,84.2,12690000.0,11450000.0,9640000.0,2,8,88.5,61.9,69.8,0,CRITICAL,1,168
1408,Power & Renewable Energy Project #1408,Power & Renewable Energy,Sikkim,730,544,67.1,80.1,71.0,67590000.0,57030000.0,40490000.0,1,4,70.0,69.7,59.4,3,AT_RISK,0,0
1409,Railways Project #1409,Railways,Assam,540,417,68.1,82.5,76.3,159510000.0,143140000.0,109220000.0,1,6,69.4,72.5,34.0,0,CRITICAL,1,120
1410,Digital Governance Project #1410,Digital Governance,Assam,900,317,28.2,30.3,30.1,408130000.0,171610000.0,51650000.0,0,6,63.2,86.7,83.5,0,ON_TRACK,0,0
1411,Education & Social Infrastructure Project #1411,Education & Social Infrastructure,Tamil Nadu,180,64,23.0,28.8,19.1,415610000.0,117810000.0,22500000.0,0,8,81.9,87.3,44.6,0,DELAYED,1,38
1412,Power & Renewable Energy Project #1412,Power & Renewable Energy,Uttar Pradesh,730,457,61.5,67.4,59.9,485100000.0,359100000.0,215100000.0,1,10,68.3,83.7,58.1,0,AT_RISK,0,0
1413,Education & Social Infrastructure Project #1413,Education & Social Infrastructure,Mizoram,270,135,37.2,48.2,36.1,251410000.0,127250000.0,45940000.0,2,6,70.3,83.8,71.4,3,CRITICAL,1,135
1414,Urban Development Project #1414,Urban Development,Manipur,540,327,62.6,65.1,71.8,245030000.0,191160000.0,137250000.0,0,8,72.1,78.1,73.3,0,DELAYED,1,33
1415,Education & Social Infrastructure Project #1415,Education & Social Infrastructure,Madhya Pradesh,365,97,24.8,19.4,30.5,280050000.0,106300000.0,32420000.0,0,4,81.0,92.0,57.8,0,ON_TRACK,0,0
1416,Health & Family Welfare Project #1416,Health & Family Welfare,Madhya Pradesh,1460,1293,70.1,91.0,89.4,289030000.0,280670000.0,250920000.0,2,10,51.5,61.1,67.3,1,AT_RISK,0,0
1417,Education & Social Infrastructure Project #1417,Education & Social Infrastructure,Mizoram,540,366,68.8,73.5,64.8,426720000.0,317490000.0,205730000.0,0,10,83.5,69.9,88.2,0,ON_TRACK,0,0
1418,Digital Governance Project #1418,Digital Governance,West Bengal,365,83,20.2,15.7,32.8,436010000.0,207030000.0,67910000.0,0,4,51.1,72.0,60.5,0,ON_TRACK,0,0
1419,Health & Family Welfare Project #1419,Health & Family Welfare,Odisha,180,190,88.4,96.0,93.2,369160000.0,364050000.0,339290000.0,1,10,71.3,70.7,88.1,0,AT_RISK,0,0
1420,Urban Development Project #1420,Urban Development,Odisha,730,242,21.7,27.4,18.7,449310000.0,109530000.0,20480000.0,0,8,87.5,67.6,74.8,0,ON_TRACK,0,0
1421,Railways Project #1421,Railways,Arunachal Pradesh,270,258,81.7,93.4,83.0,445040000.0,415310000.0,344710000.0,1,5,64.2,75.4,67.6,0,CRITICAL,1,120
1422,Digital Governance Project #1422,Digital Governance,Tripura,365,369,85.2,93.2,92.4,53380000.0,53380000.0,49320000.0,1,5,81.0,77.5,84.3,0,DELAYED,1,85
1423,Health & Family Welfare Project #1423,Health & Family Welfare,Madhya Pradesh,180,140,74.4,85.9,71.8,409630000.0,322660000.0,231670000.0,2,8,74.8,71.0,60.1,3,AT_RISK,0,0
1424,Digital Governance Project #1424,Digital Governance,Sikkim,180,203,91.8,99.1,92.5,59070000.0,59070000.0,54640000.0,1,8,90.6,90.7,73.7,0,DELAYED,1,86
1425,Digital Governance Project #1425,Digital Governance,Mizoram,900,325,21.4,30.3,38.6,394930000.0,195620000.0,75510000.0,1,6,35.0,84.8,73.3,1,CRITICAL,1,106
1426,Railways Project #1426,Railways,Mizoram,730,818,78.0,94.9,81.0,389010000.0,344580000.0,279110000.0,2,4,63.1,82.3,79.3,4,CRITICAL,1,143
1427,Water Resources Project #1427,Water Resources,Meghalaya,540,426,77.9,85.6,81.1,295820000.0,276920000.0,224580000.0,1,10,76.1,78.5,92.6,0,DELAYED,1,86
1428,Water Resources Project #1428,Water Resources,Assam,730,571,81.0,83.5,94.3,301220000.0,301220000.0,284050000.0,1,5,39.2,74.3,77.1,2,AT_RISK,0,0
1429,Water Resources Project #1429,Water Resources,West Bengal,540,347,62.4,71.0,69.7,107530000.0,86040000.0,59970000.0,1,8,83.7,76.5,78.7,0,CRITICAL,1,95
1430,Road Transport & Highways Project #1430,Road Transport & Highways,Sikkim,730,79,11.9,11.2,30.6,189860000.0,79060000.0,24190000.0,1,5,68.5,45.0,74.3,2,AT_RISK,0,0
1431,Education & Social Infrastructure Project #1431,Education & Social Infrastructure,Assam,270,307,86.1,100.0,81.9,389970000.0,374160000.0,306440000.0,1,6,61.7,80.4,75.2,0,AT_RISK,0,0
1432,Education & Social Infrastructure Project #1432,Education & Social Infrastructure,Madhya Pradesh,730,564,83.4,86.9,90.0,381480000.0,374140000.0,336730000.0,1,10,79.3,64.9,77.8,0,DELAYED,1,57
1433,Health & Family Welfare Project #1433,Health & Family Welfare,Tripura,730,406,41.5,58.3,42.8,320800000.0,168800000.0,72250000.0,2,8,76.4,70.6,46.3,0,AT_RISK,0,0
1434,Health & Family Welfare Project #1434,Health & Family Welfare,Uttar Pradesh,900,294,23.0,25.1,25.9,319590000.0,103990000.0,26930000.0,0,8,53.5,70.7,91.1,0,ON_TRACK,0,0
1435,Water Resources Project #1435,Water Resources,Madhya Pradesh,540,368,57.9,73.6,58.9,321670000.0,229130000.0,134960000.0,1,8,63.4,85.0,65.8,1,AT_RISK,0,0
1436,Water Resources Project #1436,Water Resources,Sikkim,365,200,45.0,56.0,46.5,35420000.0,20280000.0,9430000.0,1,4,78.5,73.5,70.3,2,CRITICAL,1,93
1437,Education & Social Infrastructure Project #1437,Education & Social Infrastructure,West Bengal,540,81,14.3,12.2,10.1,203070000.0,47720000.0,4820000.0,0,8,71.9,73.5,65.6,0,DELAYED,1,34
1438,Railways Project #1438,Railways,Gujarat,365,344,83.2,96.8,100.0,334780000.0,334780000.0,334780000.0,1,5,80.5,67.8,45.2,0,AT_RISK,0,0
1439,Digital Governance Project #1439,Digital Governance,Mizoram,900,826,82.6,92.2,86.0,32770000.0,31110000.0,26750000.0,1,5,86.0,67.2,51.5,0,AT_RISK,0,0
1440,Power & Renewable Energy Project #1440,Power & Renewable Energy,Nagaland,365,41,3.7,7.7,3.1,34310000.0,5750000.0,180000.0,2,10,62.2,88.2,74.1,2,AT_RISK,0,0
1441,Power & Renewable Energy Project #1441,Power & Renewable Energy,Arunachal Pradesh,900,170,0.0,14.3,9.4,370830000.0,79600000.0,7480000.0,1,6,40.2,42.5,54.9,0,AT_RISK,0,0
1442,Health & Family Welfare Project #1442,Health & Family Welfare,Manipur,270,257,82.1,91.8,91.0,313260000.0,313260000.0,285070000.0,1,4,79.4,55.2,69.3,1,AT_RISK,0,0
1443,Power & Renewable Energy Project #1443,Power & Renewable Energy,Arunachal Pradesh,730,220,5.8,21.8,9.4,403660000.0,61780000.0,5810000.0,1,10,64.4,32.2,69.1,0,AT_RISK,0,0
1444,Health & Family Welfare Project #1444,Health & Family Welfare,Bihar,730,427,59.8,62.2,57.8,86090000.0,60420000.0,34920000.0,0,8,95.1,87.0,88.2,0,ON_TRACK,0,0
1445,Education & Social Infrastructure Project #1445,Education & Social Infrastructure,Uttar Pradesh,365,277,78.8,82.7,87.3,100480000.0,100480000.0,87720000.0,1,8,77.3,68.2,75.0,0,AT_RISK,0,0
1446,Health & Family Welfare Project #1446,Health & Family Welfare,Sikkim,365,37,3.3,5.3,6.2,220630000.0,42320000.0,2620000.0,1,10,80.9,48.5,92.1,1,DELAYED,1,64
1447,Health & Family Welfare Project #1447,Health & Family Welfare,Manipur,540,508,83.3,94.0,90.4,154660000.0,154660000.0,139810000.0,1,5,89.9,70.9,90.0,0,CRITICAL,1,96
1448,Road Transport & Highways Project #1448,Road Transport & Highways,Karnataka,540,528,81.3,89.5,77.1,284100000.0,241120000.0,185900000.0,1,4,53.5,78.2,79.4,1,DELAYED,1,87
1449,Urban Development Project #1449,Urban Development,Tripura,540,145,17.9,21.6,21.1,482760000.0,164590000.0,34730000.0,0,10,66.0,44.5,62.3,1,ON_TRACK,0,0
1450,Road Transport & Highways Project #1450,Road Transport & Highways,Arunachal Pradesh,730,148,12.9,18.0,20.5,457910000.0,158490000.0,32490000.0,1,4,91.5,60.5,73.6,2,CRITICAL,1,92
1451,Urban Development Project #1451,Urban Development,Tripura,540,450,82.4,90.0,86.4,352250000.0,352250000.0,304340000.0,2,10,93.6,60.0,81.1,4,AT_RISK,0,0
1452,Railways Project #1452,Railways,Madhya Pradesh,365,372,70.6,96.9,83.8,327250000.0,301350000.0,252530000.0,2,6,84.4,36.4,34.6,0,CRITICAL,1,195
1453,Digital Governance Project #1453,Digital Governance,Bihar,365,233,64.5,68.5,63.5,286020000.0,216190000.0,137280000.0,0,8,73.0,66.3,76.1,0,ON_TRACK,0,0
1454,Railways Project #1454,Railways,Tamil Nadu,900,996,81.5,100.0,80.9,56440000.0,52070000.0,42120000.0,1,8,84.1,69.0,66.3,0,CRITICAL,1,136
1455,Education & Social Infrastructure Project #1455,Education & Social Infrastructure,Mizoram,1095,709,69.4,71.9,73.3,59930000.0,47310000.0,34680000.0,2,5,78.7,71.6,81.5,4,AT_RISK,0,0
1456,Health & Family Welfare Project #1456,Health & Family Welfare,Madhya Pradesh,270,294,78.5,100.0,86.1,424400000.0,413580000.0,356090000.0,1,5,76.7,50.7,73.3,0,AT_RISK,0,0
1457,Water Resources Project #1457,Water Resources,Assam,730,803,77.2,97.4,75.1,245690000.0,201960000.0,151670000.0,1,4,58.4,80.1,77.8,1,CRITICAL,1,142
1458,Urban Development Project #1458,Urban Development,Gujarat,180,186,87.5,94.6,86.3,349870000.0,333610000.0,287910000.0,2,5,78.0,54.4,76.4,3,AT_RISK,0,0
1459,Railways Project #1459,Railways,Mizoram,270,31,7.6,8.6,6.5,479140000.0,82640000.0,5370000.0,0,8,85.9,68.0,42.6,0,ON_TRACK,0,0
1460,Road Transport & Highways Project #1460,Road Transport & Highways,Arunachal Pradesh,730,681,79.1,91.7,79.5,74520000.0,65110000.0,51760000.0,2,5,80.5,56.9,68.7,2,CRITICAL,1,131
1461,Railways Project #1461,Railways,Manipur,365,76,10.2,11.5,17.0,43860000.0,11460000.0,1950000.0,0,8,88.7,57.9,68.8,1,ON_TRACK,0,0
1462,Digital Governance Project #1462,Digital Governance,Mizoram,180,81,36.1,41.7,48.2,102100000.0,59280000.0,28570000.0,0,8,60.7,68.4,64.2,0,ON_TRACK,0,0
1463,Digital Governance Project #1463,Digital Governance,Meghalaya,365,176,42.5,47.8,43.7,147770000.0,78790000.0,34430000.0,1,4,92.6,81.2,71.8,2,AT_RISK,0,0
1464,Health & Family Welfare Project #1464,Health & Family Welfare,Meghalaya,365,41,17.3,10.2,18.3,461960000.0,109890000.0,20110000.0,0,10,74.9,89.6,81.8,0,ON_TRACK,0,0
1465,Urban Development Project #1465,Urban Development,Odisha,365,122,19.8,25.8,33.5,174640000.0,73150000.0,24510000.0,2,10,65.3,61.6,53.7,3,AT_RISK,0,0
1466,Road Transport & Highways Project #1466,Road Transport & Highways,West Bengal,365,101,26.7,18.8,32.0,69370000.0,26060000.0,8340000.0,0,10,84.9,74.7,61.8,0,ON_TRACK,0,0
1467,Power & Renewable Energy Project #1467,Power & Renewable Energy,Rajasthan,270,164,54.2,66.6,71.8,321680000.0,261810000.0,187980000.0,3,10,69.0,60.7,43.2,2,AT_RISK,0,0
1468,Urban Development Project #1468,Urban Development,Tamil Nadu,365,93,19.0,15.4,25.4,243140000.0,81210000.0,20630000.0,0,8,59.8,88.0,57.0,0,ON_TRACK,0,0
1469,Power & Renewable Energy Project #1469,Power & Renewable Energy,Mizoram,365,271,71.6,81.4,78.2,70410000.0,60160000.0,47050000.0,1,8,85.1,40.6,70.9,0,AT_RISK,0,0
1470,Railways Project #1470,Railways,Madhya Pradesh,730,106,6.8,12.4,2.5,20100000.0,3380000.0,80000.0,1,6,79.8,45.0,77.8,0,AT_RISK,0,0
1471,Digital Governance Project #1471,Digital Governance,Uttar Pradesh,540,509,84.6,95.4,85.9,133600000.0,121720000.0,104560000.0,1,6,80.9,69.9,47.0,0,CRITICAL,1,102
1472,Health & Family Welfare Project #1472,Health & Family Welfare,Sikkim,730,732,83.8,94.1,86.6,166270000.0,161200000.0,139600000.0,1,6,80.2,72.7,49.9,1,CRITICAL,1,110
1473,Water Resources Project #1473,Water Resources,Mizoram,180,160,77.2,92.1,83.1,332260000.0,297780000.0,247460000.0,1,4,70.1,63.0,68.7,0,CRITICAL,1,107
1474,Railways Project #1474,Railways,West Bengal,540,192,27.0,31.3,35.1,443960000.0,202770000.0,71170000.0,2,5,46.9,80.7,86.0,2,DELAYED,1,83
1475,Power & Renewable Energy Project #1475,Power & Renewable Energy,Tamil Nadu,540,114,11.0,15.1,35.0,82210000.0,36460000.0,12760000.0,1,6,68.7,82.6,41.8,3,AT_RISK,0,0
1476,Health & Family Welfare Project #1476,Health & Family Welfare,Gujarat,540,227,32.8,37.0,34.4,253430000.0,120200000.0,41350000.0,2,10,77.6,53.3,73.5,2,CRITICAL,1,100
1477,Road Transport & Highways Project #1477,Road Transport & Highways,Mizoram,180,90,42.3,52.7,39.4,408180000.0,207900000.0,81910000.0,1,10,82.3,65.0,71.7,1,AT_RISK,0,0
1478,Road Transport & Highways Project #1478,Road Transport & Highways,Odisha,1095,1126,79.8,95.2,100.0,40500000.0,40500000.0,40500000.0,2,4,64.1,67.3,47.9,3,CRITICAL,1,156
1479,Health & Family Welfare Project #1479,Health & Family Welfare,Uttar Pradesh,730,102,9.7,11.2,11.5,254190000.0,54100000.0,6220000.0,1,5,94.1,69.4,69.3,0,AT_RISK,0,0
1480,Education & Social Infrastructure Project #1480,Education & Social Infrastructure,Meghalaya,540,181,26.8,26.9,36.4,450080000.0,231260000.0,84180000.0,1,10,65.7,81.5,58.8,3,AT_RISK,0,0
1481,Railways Project #1481,Railways,Sikkim,540,338,58.2,69.0,60.6,408710000.0,279620000.0,169450000.0,1,10,91.6,49.8,86.3,0,DELAYED,1,90
1482,Digital Governance Project #1482,Digital Governance,Rajasthan,270,145,44.5,53.7,50.5,239760000.0,150400000.0,75950000.0,1,5,81.2,53.8,76.3,0,AT_RISK,0,0
1483,Health & Family Welfare Project #1483,Health & Family Welfare,Assam,365,64,16.4,11.5,12.5,202070000.0,41720000.0,5220000.0,0,6,34.7,87.8,90.1,0,ON_TRACK,0,0
1484,Digital Governance Project #1484,Digital Governance,Gujarat,540,100,0.0,14.2,20.8,244400000.0,68700000.0,14290000.0,1,8,53.2,56.1,71.8,0,CRITICAL,1,118
1485,Health & Family Welfare Project #1485,Health & Family Welfare,Tamil Nadu,365,172,38.5,46.1,43.9,472190000.0,255290000.0,112070000.0,1,6,74.2,49.4,88.6,1,AT_RISK,0,0
1486,Digital Governance Project #1486,Digital Governance,Bihar,365,167,26.5,44.1,36.9,67150000.0,28200000.0,10410000.0,1,6,84.8,75.4,26.6,0,AT_RISK,0,0
1487,Road Transport & Highways Project #1487,Road Transport & Highways,Meghalaya,180,66,40.2,34.4,65.1,346110000.0,244980000.0,159480000.0,0,8,55.0,81.3,57.1,0,ON_TRACK,0,0
1488,Road Transport & Highways Project #1488,Road Transport & Highways,Mizoram,1460,895,46.0,67.1,50.5,35070000.0,22450000.0,11340000.0,2,5,64.0,50.0,66.7,4,CRITICAL,1,187
1489,Education & Social Infrastructure Project #1489,Education & Social Infrastructure,Meghalaya,270,263,81.3,96.0,81.4,495470000.0,463700000.0,377450000.0,1,8,90.3,68.0,69.1,0,AT_RISK,0,0
1490,Education & Social Infrastructure Project #1490,Education & Social Infrastructure,Karnataka,540,260,32.8,47.0,37.6,20040000.0,9080000.0,3410000.0,1,8,64.8,32.2,80.4,0,CRITICAL,1,107
1491,Education & Social Infrastructure Project #1491,Education & Social Infrastructure,Maharashtra,540,535,69.5,95.7,71.1,224620000.0,172750000.0,122830000.0,2,8,82.5,56.1,48.5,0,AT_RISK,0,0
1492,Digital Governance Project #1492,Digital Governance,Maharashtra,730,84,6.0,4.9,1.6,183730000.0,25560000.0,410000.0,0,4,70.1,64.0,82.2,0,ON_TRACK,0,0
1493,Road Transport & Highways Project #1493,Road Transport & Highways,Sikkim,540,437,75.1,88.1,83.7,399220000.0,386100000.0,323170000.0,1,10,75.7,97.6,45.1,0,CRITICAL,1,117
1494,Urban Development Project #1494,Urban Development,Odisha,365,48,15.3,9.0,14.4,372570000.0,88600000.0,12760000.0,1,6,64.0,71.7,96.5,4,AT_RISK,1,15
1495,Urban Development Project #1495,Urban Development,Madhya Pradesh,180,142,65.7,82.4,66.7,230360000.0,183660000.0,122500000.0,3,8,84.5,61.0,51.8,3,CRITICAL,1,186
1496,Education & Social Infrastructure Project #1496,Education & Social Infrastructure,Meghalaya,540,459,78.3,85.1,78.6,498240000.0,434870000.0,341810000.0,0,4,54.4,91.6,92.9,0,DELAYED,1,73
1497,Water Resources Project #1497,Water Resources,Assam,365,239,47.7,71.7,54.1,105100000.0,70960000.0,38390000.0,1,4,70.4,48.3,64.8,0,AT_RISK,0,0
1498,Urban Development Project #1498,Urban Development,Mizoram,730,773,86.6,96.7,88.1,452860000.0,452860000.0,398970000.0,1,8,74.3,39.7,97.5,0,DELAYED,1,90
1499,Railways Project #1499,Railways,Tamil Nadu,540,79,3.1,12.6,13.1,363130000.0,100370000.0,13150000.0,1,5,47.5,77.2,66.5,0,CRITICAL,1,108
1500,Urban Development Project #1500,Urban Development,Uttar Pradesh,540,160,19.4,22.7,20.2,416510000.0,125570000.0,25370000.0,1,4,68.4,70.2,81.3,2,AT_RISK,0,0
